{"type": "FeatureCollection", "features": [{"type": "Feature", "properties": {"canonical_name": "Don Galo", "osm_name": "Don Galo", "osm_id": 153195}, "geometry": {"type": "Polygon", "coordinates": [[[120.9953901, 14.5081974], [120.9944777, 14.5084008], [120.993028, 14.508724], [120.9923354, 14.5088998], [120.9922911, 14.50891], [120.9922351, 14.5089229], [120.992026, 14.5089709], [120.9891289, 14.5090559], [120.9889336, 14.5090984], [120.9888187, 14.5091241], [120.9878804, 14.5094108], [120.9767477, 14.5128008], [120.9766473, 14.5127689], [120.9766028, 14.5126713], [120.9766382, 14.5125278], [120.9766559, 14.512445], [120.9766169, 14.5123109], [120.9741996, 14.5081534], [120.9749412, 14.5076361], [120.9766394, 14.5066941], [120.9771822, 14.5064262], [120.9778398, 14.5061858], [120.9815024, 14.5050809], [120.9856187, 14.5038136], [120.9861864, 14.5036388], [120.9864582, 14.5035551], [120.9884136, 14.502972], [120.9885851, 14.5029424], [120.9893238, 14.5027446], [120.989235, 14.5024426], [120.9902908, 14.5023244], [120.9907602, 14.5023346], [120.9910991, 14.5023348], [120.992729, 14.5021549], [120.9931911, 14.5021558], [120.9936137, 14.5022783], [120.9937698, 14.5024868], [120.9943106, 14.503989], [120.9945721, 14.5049263], [120.9949731, 14.506509], [120.9951276, 14.5068497], [120.9952821, 14.5075144], [120.995325, 14.5080213], [120.9953901, 14.5081974]]]}}, {"type": "Feature", "properties": {"canonical_name": "Tambo", "osm_name": "Tambo", "osm_id": 153196}, "geometry": {"type": "Polygon", "coordinates": [[[120.9987346, 14.5250098], [120.9970038, 14.524973], [120.9968857, 14.5249776], [120.995657, 14.5249004], [120.9955518, 14.5248947], [120.9954049, 14.5248867], [120.9948758, 14.524849], [120.9944766, 14.5248254], [120.9939642, 14.5247952], [120.9938926, 14.5247946], [120.9938183, 14.5247939], [120.99357, 14.5247945], [120.9933895, 14.524791], [120.9934218, 14.5253195], [120.9934255, 14.5254691], [120.9930264, 14.5254315], [120.9922136, 14.5253636], [120.9921498, 14.5253583], [120.9919247, 14.5253379], [120.9910704, 14.5252379], [120.9850234, 14.524607], [120.9826362, 14.5243574], [120.9822582, 14.5243179], [120.9812245, 14.5242098], [120.9810929, 14.5241961], [120.9798786, 14.5240691], [120.9793299, 14.5240138], [120.9793737, 14.5229643], [120.9793907, 14.522509], [120.9794042, 14.522078], [120.9794095, 14.5216093], [120.9794015, 14.5211095], [120.9793586, 14.5203617], [120.9793304, 14.5196074], [120.9793304, 14.5192114], [120.9793223, 14.5190465], [120.9793028, 14.5188593], [120.9789113, 14.5173513], [120.9787329, 14.5166067], [120.9776849, 14.5143999], [120.9773471, 14.5137746], [120.9773015, 14.5137996], [120.9768989, 14.5130662], [120.9767477, 14.5128008], [120.9878804, 14.5094108], [120.9888187, 14.5091241], [120.9889336, 14.5090984], [120.9891289, 14.5090559], [120.992026, 14.5089709], [120.9922351, 14.5089229], [120.9922911, 14.50891], [120.9923354, 14.5088998], [120.993028, 14.508724], [120.9944777, 14.5084008], [120.9953901, 14.5081974], [120.9957651, 14.5093718], [120.99616, 14.5109174], [120.9963693, 14.5115107], [120.9972133, 14.5124567], [120.9976768, 14.5130218], [120.9977881, 14.5129959], [120.9985437, 14.5128223], [120.9987497, 14.5127143], [120.9989814, 14.51249], [120.9990758, 14.5123321], [120.9991359, 14.5120745], [120.9990678, 14.5115931], [120.9990662, 14.5110761], [120.9990797, 14.5108641], [120.9991788, 14.5107201], [120.999402, 14.5105788], [120.9996511, 14.5104415], [121.0000886, 14.5102714], [121.0002045, 14.5102511], [121.000251, 14.5105952], [121.0002798, 14.5109672], [121.000297, 14.5113071], [121.0003076, 14.5115005], [121.0007576, 14.5114566], [121.0008785, 14.5118637], [121.0011142, 14.5118236], [121.0011399, 14.512241], [121.0010979, 14.5123726], [121.0010134, 14.5124877], [121.0010078, 14.5129342], [121.0011015, 14.5134705], [121.0010924, 14.5138731], [121.0009063, 14.5150221], [121.0004667, 14.5169396], [121.0001553, 14.516952], [120.9984257, 14.5169829], [120.9980343, 14.5169942], [120.9986306, 14.5181368], [120.9989276, 14.5187264], [120.9993364, 14.519445], [120.9994212, 14.5196816], [120.9993459, 14.5199691], [120.9990599, 14.5204461], [120.9988435, 14.5220935], [120.99888, 14.5228373], [120.998868, 14.5239897], [120.9988288, 14.5242481], [120.9987346, 14.5250098]]]}}, {"type": "Feature", "properties": {"canonical_name": "Santo Ni\u00f1o", "osm_name": "Santo Ni\u00f1o", "osm_id": 153197}, "geometry": {"type": "Polygon", "coordinates": [[[121.0025458, 14.5094501], [121.0025644, 14.5094194], [121.0028099, 14.5089765], [121.0031737, 14.5086397], [121.0033282, 14.5085627], [121.0037016, 14.5086243], [121.0039038, 14.5086045], [121.0040746, 14.5085368], [121.0042055, 14.5084327], [121.0043561, 14.5082098], [121.0045563, 14.5078989], [121.0048036, 14.5074946], [121.0048772, 14.5073595], [121.0049049, 14.5073087], [121.007798, 14.5070668], [121.0111362, 14.5088933], [121.0157257, 14.5019841], [121.0152687, 14.5019374], [121.0151634, 14.5018547], [121.0151017, 14.5017476], [121.0150469, 14.5015747], [121.0150127, 14.5015112], [121.0149426, 14.5015006], [121.0147648, 14.5015765], [121.0146876, 14.5015818], [121.0145754, 14.5015682], [121.0144754, 14.5012374], [121.0143329, 14.5011929], [121.0140573, 14.5011838], [121.0139818, 14.5011937], [121.0138381, 14.5011412], [121.0137027, 14.501111], [121.0136541, 14.5010683], [121.0135827, 14.5009238], [121.0135272, 14.5008758], [121.0134369, 14.5008653], [121.0133405, 14.5008788], [121.0128242, 14.5009631], [121.0125393, 14.5010378], [121.0122473, 14.5012253], [121.0121309, 14.501281], [121.0119786, 14.5012748], [121.0118934, 14.5012156], [121.0118876, 14.5011074], [121.0119573, 14.5009964], [121.0119888, 14.5009278], [121.0119077, 14.5006961], [121.0118349, 14.5005287], [121.0116827, 14.5002817], [121.0113994, 14.5000823], [121.0112192, 14.5000158], [121.010996, 14.5000823], [121.010687, 14.5000075], [121.0102836, 14.4998579], [121.0094538, 14.4998118], [121.0090345, 14.4998598], [121.0088507, 14.4997159], [121.0083062, 14.4994409], [121.0076612, 14.4990794], [121.0070667, 14.498814], [121.0063349, 14.4983929], [121.0057473, 14.4977122], [121.0054273, 14.4969239], [121.0053594, 14.4967645], [121.0052396, 14.4966145], [121.0050381, 14.4965583], [121.0042812, 14.4965414], [121.003758, 14.4963582], [121.0035144, 14.4961762], [121.0030229, 14.4955971], [121.0026059, 14.4952507], [121.0023065, 14.4948505], [121.0021554, 14.4945726], [121.0020017, 14.4942849], [121.0018577, 14.4941319], [121.0016909, 14.4939834], [121.001517, 14.4939024], [121.0013478, 14.493878], [121.0011559, 14.4938918], [121.000959, 14.4939622], [121.0006413, 14.4941592], [121.0003578, 14.4943697], [121.0000627, 14.4946838], [120.9999015, 14.4949141], [120.9998877, 14.4950063], [120.9998002, 14.4950937], [120.9996563, 14.4955828], [120.9995427, 14.4958322], [120.9994505, 14.4960562], [120.9993063, 14.496222], [120.999041, 14.4964515], [120.9987475, 14.4966373], [120.998485, 14.4967439], [120.9981999, 14.4969269], [120.9978105, 14.497233], [120.9976694, 14.4973942], [120.997294, 14.4975882], [120.9969666, 14.4976374], [120.9967973, 14.4976538], [120.9965574, 14.4977002], [120.996261, 14.4976647], [120.995673, 14.4975472], [120.9954598, 14.497546], [120.9950672, 14.4975609], [120.9946975, 14.4975827], [120.9943221, 14.4976975], [120.9940483, 14.4978915], [120.9938317, 14.498256], [120.9938703, 14.4985953], [120.9939627, 14.4991594], [120.9940874, 14.4996431], [120.9941818, 14.5000336], [120.9942374, 14.500381], [120.9941217, 14.5010474], [120.9938488, 14.5016093], [120.9936583, 14.5018451], [120.993519, 14.5020452], [120.9931911, 14.5021558], [120.9936137, 14.5022783], [120.9937698, 14.5024868], [120.9943106, 14.503989], [120.9945721, 14.5049263], [120.9949731, 14.506509], [120.9951276, 14.5068497], [120.9952821, 14.5075144], [120.995325, 14.5080213], [120.9953901, 14.5081974], [120.9957651, 14.5093718], [120.99616, 14.5109174], [120.9963693, 14.5115107], [120.9972133, 14.5124567], [120.9976768, 14.5130218], [120.9977881, 14.5129959], [120.9985437, 14.5128223], [120.9987497, 14.5127143], [120.9989814, 14.51249], [120.9990758, 14.5123321], [120.9991359, 14.5120745], [120.9990678, 14.5115931], [120.9990662, 14.5110761], [120.9990797, 14.5108641], [120.9991788, 14.5107201], [120.999402, 14.5105788], [120.9996511, 14.5104415], [121.0000886, 14.5102714], [121.0002045, 14.5102511], [121.000163, 14.510233], [121.0001356, 14.5101522], [121.0000826, 14.509996], [121.0000596, 14.5099058], [120.9997911, 14.5088543], [120.9997697, 14.5086887], [121.000042, 14.5086065], [121.0005105, 14.5084584], [121.0008153, 14.5081885], [121.0013393, 14.5077265], [121.0014702, 14.507603], [121.0017062, 14.5082414], [121.0017422, 14.5083388], [121.0018171, 14.5085509], [121.002108, 14.5093743], [121.0021421, 14.5094691], [121.0023852, 14.5094176], [121.0025458, 14.5094501]]]}}, {"type": "Feature", "properties": {"canonical_name": "La Huerta", "osm_name": "La Huerta", "osm_id": 153198}, "geometry": {"type": "Polygon", "coordinates": [[[120.9931911, 14.5021558], [120.992729, 14.5021549], [120.9910991, 14.5023348], [120.9907602, 14.5023346], [120.9902908, 14.5023244], [120.989235, 14.5024426], [120.9891543, 14.502182], [120.9890904, 14.5021636], [120.9890481, 14.5021342], [120.988991, 14.5020456], [120.9889521, 14.5019794], [120.9889095, 14.5019631], [120.9888981, 14.5019219], [120.9888888, 14.5018326], [120.9888667, 14.5017454], [120.9888396, 14.5015835], [120.988821, 14.5014765], [120.9888058, 14.5012915], [120.9887936, 14.5011078], [120.9887875, 14.5010659], [120.9887789, 14.5010376], [120.9887639, 14.5010129], [120.9887437, 14.5009879], [120.9887055, 14.5009479], [120.9886792, 14.500863], [120.9887005, 14.5007933], [120.9887209, 14.5007428], [120.9887123, 14.5006495], [120.9887017, 14.5005517], [120.9886862, 14.5004596], [120.9887146, 14.5004527], [120.9898035, 14.5001683], [120.9917176, 14.4992376], [120.9926718, 14.4987729], [120.9927304, 14.4985229], [120.9926315, 14.4984069], [120.992559, 14.4982736], [120.9925228, 14.4981719], [120.9925088, 14.4980684], [120.9925104, 14.4978436], [120.9925166, 14.4978001], [120.9925656, 14.4974593], [120.9925955, 14.4972514], [120.9926078, 14.4971655], [120.992624, 14.4969182], [120.992646, 14.4965801], [120.9926448, 14.4964528], [120.9932024, 14.4964105], [120.9935184, 14.4963797], [120.9937234, 14.4963598], [120.9939201, 14.4959344], [120.9940466, 14.4956564], [120.9941415, 14.4953243], [120.9943293, 14.4948915], [120.9944727, 14.4943201], [120.9945084, 14.4939699], [120.994712, 14.4936041], [120.9949634, 14.493313], [120.9953423, 14.492992], [120.995623, 14.4929072], [120.995841, 14.4929058], [120.9961104, 14.4929532], [120.9962301, 14.4929837], [120.9964919, 14.4930574], [120.9966851, 14.4930372], [120.9968244, 14.4929412], [120.9969272, 14.4927932], [120.9969591, 14.4925807], [120.9969455, 14.4923352], [120.9969107, 14.4921779], [120.9968853, 14.4920648], [120.9968873, 14.4919469], [120.9969472, 14.4918001], [120.9970669, 14.4917054], [120.9972285, 14.4915914], [120.9974501, 14.4915547], [120.9976277, 14.4915566], [120.9977554, 14.4915895], [120.9978971, 14.4916146], [120.9980148, 14.4915837], [120.9981166, 14.4915199], [120.9982643, 14.4913576], [120.9983441, 14.4912107], [120.998394, 14.49106], [120.9985417, 14.4908591], [120.9989289, 14.4905808], [120.9990167, 14.4904842], [120.9990646, 14.4903818], [120.9990805, 14.4902872], [120.9990785, 14.490182], [120.9990236, 14.4900433], [120.9989318, 14.4899061], [120.9987116, 14.4897421], [120.9984859, 14.4896492], [120.9982318, 14.4895098], [120.9979919, 14.4892612], [120.9979327, 14.4891082], [120.9979553, 14.4887065], [120.9986974, 14.4865531], [120.9987546, 14.4863828], [120.998809, 14.4862207], [120.9988133, 14.4860079], [120.9988586, 14.4859375], [120.9989249, 14.4858926], [120.9990333, 14.4858433], [120.9991591, 14.4857339], [120.9992621, 14.4856175], [120.9993307, 14.4855427], [120.9993908, 14.4854596], [120.999442, 14.4854024], [120.9995159, 14.4853251], [120.9996296, 14.4852633], [120.9997394, 14.4852266], [120.9997823, 14.4852275], [120.9998262, 14.485243], [120.9998711, 14.4853483], [120.999899, 14.48547], [120.999935, 14.4855164], [120.9999948, 14.4855724], [121.0000647, 14.485613], [121.0001445, 14.4856265], [121.0002203, 14.4856188], [121.0003042, 14.4856014], [121.0004, 14.4855628], [121.0004977, 14.4855319], [121.0005357, 14.4854951], [121.0005456, 14.4854256], [121.0005277, 14.4853869], [121.0005197, 14.4853251], [121.0005417, 14.485271], [121.0006035, 14.4852188], [121.0006893, 14.485184], [121.000865, 14.4851435], [121.0010785, 14.4851126], [121.0011643, 14.4850488], [121.0012761, 14.4850063], [121.0013619, 14.4849947], [121.0014517, 14.4850894], [121.0016493, 14.4853483], [121.0017091, 14.4853966], [121.0017909, 14.4854294], [121.0018847, 14.4854449], [121.0019666, 14.4854565], [121.0021083, 14.48547], [121.0022161, 14.4854923], [121.0023297, 14.485513], [121.0024397, 14.4862221], [121.0015535, 14.4863392], [121.0014995, 14.4861292], [121.0012619, 14.4861959], [121.0008486, 14.4863785], [120.9997851, 14.4868651], [121.000315, 14.4877867], [121.0011589, 14.4896563], [121.0018112, 14.4894818], [121.0023696, 14.4917967], [121.0016013, 14.492088], [121.0010402, 14.4923911], [121.0009792, 14.4925013], [121.0009534, 14.4926625], [121.0009837, 14.4928014], [121.0008189, 14.4930124], [121.0007921, 14.4935638], [121.0009651, 14.493482], [121.0010048, 14.4937891], [121.000959, 14.4939622], [121.0006413, 14.4941592], [121.0003578, 14.4943697], [121.0000627, 14.4946838], [120.9999015, 14.4949141], [120.9998877, 14.4950063], [120.9998002, 14.4950937], [120.9996563, 14.4955828], [120.9995427, 14.4958322], [120.9994505, 14.4960562], [120.9993063, 14.496222], [120.999041, 14.4964515], [120.9987475, 14.4966373], [120.998485, 14.4967439], [120.9981999, 14.4969269], [120.9978105, 14.497233], [120.9976694, 14.4973942], [120.997294, 14.4975882], [120.9969666, 14.4976374], [120.9967973, 14.4976538], [120.9965574, 14.4977002], [120.996261, 14.4976647], [120.995673, 14.4975472], [120.9954598, 14.497546], [120.9950672, 14.4975609], [120.9946975, 14.4975827], [120.9943221, 14.4976975], [120.9940483, 14.4978915], [120.9938317, 14.498256], [120.9938703, 14.4985953], [120.9939627, 14.4991594], [120.9940874, 14.4996431], [120.9941818, 14.5000336], [120.9942374, 14.500381], [120.9941217, 14.5010474], [120.9938488, 14.5016093], [120.9936583, 14.5018451], [120.993519, 14.5020452], [120.9931911, 14.5021558]]]}}, {"type": "Feature", "properties": {"canonical_name": "Moonwalk", "osm_name": "Moonwalk", "osm_id": 153199}, "geometry": {"type": "Polygon", "coordinates": [[[121.0170934, 14.5023802], [121.0168679, 14.5024774], [121.0167979, 14.5024377], [121.0166679, 14.5023823], [121.0165753, 14.5022764], [121.0164551, 14.5020281], [121.0163697, 14.502006], [121.0157257, 14.5019841], [121.0152687, 14.5019374], [121.0151634, 14.5018547], [121.0151017, 14.5017476], [121.0150469, 14.5015747], [121.0150127, 14.5015112], [121.0149426, 14.5015006], [121.0147648, 14.5015765], [121.0146876, 14.5015818], [121.0145754, 14.5015682], [121.0144754, 14.5012374], [121.0143329, 14.5011929], [121.0140573, 14.5011838], [121.0139818, 14.5011937], [121.0138381, 14.5011412], [121.0137027, 14.501111], [121.0136541, 14.5010683], [121.0135827, 14.5009238], [121.0135272, 14.5008758], [121.0134369, 14.5008653], [121.0133405, 14.5008788], [121.0128242, 14.5009631], [121.0125393, 14.5010378], [121.0122473, 14.5012253], [121.0121309, 14.501281], [121.0119786, 14.5012748], [121.0118934, 14.5012156], [121.0118876, 14.5011074], [121.0119573, 14.5009964], [121.0119888, 14.5009278], [121.0119077, 14.5006961], [121.0118349, 14.5005287], [121.0116827, 14.5002817], [121.0113994, 14.5000823], [121.0112192, 14.5000158], [121.010996, 14.5000823], [121.010687, 14.5000075], [121.0102836, 14.4998579], [121.0094538, 14.4998118], [121.0090345, 14.4998598], [121.0088507, 14.4997159], [121.0083062, 14.4994409], [121.0076612, 14.4990794], [121.0070667, 14.498814], [121.0063349, 14.4983929], [121.0057473, 14.4977122], [121.0054273, 14.4969239], [121.0053594, 14.4967645], [121.0052396, 14.4966145], [121.0050381, 14.4965583], [121.0042812, 14.4965414], [121.003758, 14.4963582], [121.0035144, 14.4961762], [121.0030229, 14.4955971], [121.0026059, 14.4952507], [121.0023065, 14.4948505], [121.0021554, 14.4945726], [121.0020017, 14.4942849], [121.0018577, 14.4941319], [121.0016909, 14.4939834], [121.001517, 14.4939024], [121.0013478, 14.493878], [121.0011559, 14.4938918], [121.000959, 14.4939622], [121.0010048, 14.4937891], [121.0009651, 14.493482], [121.0007921, 14.4935638], [121.0008189, 14.4930124], [121.0009837, 14.4928014], [121.0009534, 14.4926625], [121.0009792, 14.4925013], [121.0010402, 14.4923911], [121.0016013, 14.492088], [121.0023696, 14.4917967], [121.0018112, 14.4894818], [121.0011589, 14.4896563], [121.000315, 14.4877867], [120.9997851, 14.4868651], [121.0008486, 14.4863785], [121.0012619, 14.4861959], [121.0014995, 14.4861292], [121.0015535, 14.4863392], [121.0024397, 14.4862221], [121.0023297, 14.485513], [121.0022161, 14.4854923], [121.0021083, 14.48547], [121.0019666, 14.4854565], [121.0018847, 14.4854449], [121.0017909, 14.4854294], [121.0017091, 14.4853966], [121.0016493, 14.4853483], [121.0014517, 14.4850894], [121.0013619, 14.4849947], [121.0012761, 14.4850063], [121.0011643, 14.4850488], [121.0010785, 14.4851126], [121.000865, 14.4851435], [121.0006893, 14.485184], [121.0006035, 14.4852188], [121.0005417, 14.485271], [121.0005197, 14.4853251], [121.0005277, 14.4853869], [121.0005456, 14.4854256], [121.0005357, 14.4854951], [121.0004977, 14.4855319], [121.0004, 14.4855628], [121.0003042, 14.4856014], [121.0002203, 14.4856188], [121.0001445, 14.4856265], [121.0000647, 14.485613], [120.9999948, 14.4855724], [120.999935, 14.4855164], [120.999899, 14.48547], [120.9998711, 14.4853483], [120.9998262, 14.485243], [120.9997823, 14.4852275], [120.9997394, 14.4852266], [120.9996296, 14.4852633], [120.9995159, 14.4853251], [120.999442, 14.4854024], [120.9993908, 14.4854596], [120.9993307, 14.4855427], [120.9992621, 14.4856175], [120.9991591, 14.4857339], [120.9990333, 14.4858433], [120.9989249, 14.4858926], [120.9988586, 14.4859375], [120.9988133, 14.4860079], [120.9987726, 14.4859191], [120.9987057, 14.4858403], [120.9986329, 14.485774], [120.9985017, 14.4856797], [120.9983387, 14.4856144], [120.9981009, 14.485565], [120.9979044, 14.4855701], [120.9975575, 14.4856109], [120.9973623, 14.4856101], [120.9972406, 14.4855827], [120.9970984, 14.4856119], [120.9969513, 14.4855556], [120.9967725, 14.4855291], [120.996496, 14.4854416], [120.9963556, 14.4853686], [120.9962502, 14.4852962], [120.9959802, 14.4851754], [120.9958357, 14.4850946], [120.9957253, 14.4849854], [120.9957034, 14.484917], [120.9956335, 14.4847568], [120.9956165, 14.4846758], [120.9956204, 14.4845932], [120.9956526, 14.4845349], [120.995718, 14.4844916], [120.9957981, 14.484462], [120.9959147, 14.4844394], [120.9961813, 14.4844352], [120.9965689, 14.4844648], [120.9967248, 14.4845057], [120.9968515, 14.484517], [120.9970133, 14.4845424], [120.9972682, 14.4845481], [120.9976048, 14.4844846], [120.9977314, 14.4844875], [120.9978773, 14.4844634], [120.9980681, 14.4843943], [120.9982459, 14.4843435], [120.9984877, 14.4842222], [120.9985722, 14.4841559], [120.998613, 14.4840995], [120.9986422, 14.4840332], [120.9986597, 14.4839443], [120.9986655, 14.4838625], [120.9986422, 14.4837679], [120.9985766, 14.483641], [120.9985344, 14.4835958], [120.9983973, 14.4835014], [120.9982517, 14.4834576], [120.9981337, 14.4834562], [120.9979588, 14.4834364], [120.9977694, 14.4833603], [120.9976281, 14.4832813], [120.9975378, 14.4831444], [120.9975174, 14.4830739], [120.9975174, 14.4830062], [120.9975451, 14.4829102], [120.9976048, 14.4828312], [120.9977855, 14.4826874], [120.9979079, 14.4825674], [120.9980448, 14.4824645], [120.9984003, 14.4821908], [120.9986655, 14.4819143], [120.9987529, 14.4817859], [120.9988344, 14.4816844], [120.9990443, 14.4813302], [120.9992512, 14.4809889], [120.9995114, 14.4805489], [120.9996989, 14.4802716], [120.9997625, 14.4800861], [120.9998016, 14.4799376], [121.0000167, 14.4800213], [121.0001915, 14.4800437], [121.0004023, 14.4799632], [121.0007659, 14.4797853], [121.0008452, 14.4796692], [121.0009362, 14.4794744], [121.0010038, 14.4794107], [121.0010735, 14.4794107], [121.0012166, 14.4795175], [121.0014023, 14.4796392], [121.0015241, 14.4796298], [121.0016944, 14.4794781], [121.0018994, 14.4792122], [121.0020348, 14.4788714], [121.0020212, 14.4783283], [121.0019245, 14.4780324], [121.0016223, 14.477817], [121.0015338, 14.4776909], [121.0006272, 14.4771664], [121.000327, 14.4770374], [121.0004174, 14.4767432], [121.0004403, 14.4765407], [121.0005321, 14.4764024], [121.0006463, 14.4763151], [121.0007067, 14.4762823], [121.0008577, 14.4762001], [121.0010234, 14.4761092], [121.0011748, 14.4760514], [121.0013105, 14.4759314], [121.0014201, 14.4757893], [121.0015985, 14.4755003], [121.0018326, 14.4752679], [121.0020183, 14.4752204], [121.002063, 14.4752177], [121.0022432, 14.4751987], [121.0023967, 14.4751678], [121.002564, 14.4751252], [121.0026971, 14.4750681], [121.002842, 14.4749679], [121.0035422, 14.4757226], [121.0025312, 14.4766375], [121.0030948, 14.4773649], [121.0031401, 14.4774912], [121.0032602, 14.4774332], [121.003305, 14.4773209], [121.0034642, 14.4769639], [121.0036276, 14.4768868], [121.0039921, 14.4770694], [121.0042645, 14.4772398], [121.0043692, 14.4771952], [121.004453, 14.4767651], [121.0045703, 14.4766475], [121.0050941, 14.4764081], [121.0052566, 14.4763687], [121.0053311, 14.4763389], [121.0056388, 14.4761931], [121.0060243, 14.476185], [121.0062673, 14.4761038], [121.0065564, 14.475974], [121.0066238, 14.475772], [121.0065263, 14.4754441], [121.0066085, 14.4754319], [121.0067422, 14.4754417], [121.0070797, 14.4757601], [121.0072443, 14.4757838], [121.0072852, 14.4757356], [121.0073259, 14.4756153], [121.0073716, 14.475433], [121.0073736, 14.4753328], [121.0074026, 14.4751894], [121.0074903, 14.4750063], [121.0075828, 14.4748318], [121.0078395, 14.4747305], [121.0079673, 14.4746696], [121.007977, 14.4745852], [121.0079405, 14.4744741], [121.0078294, 14.4743834], [121.0078291, 14.4742815], [121.0078919, 14.4741853], [121.0080574, 14.4741442], [121.0081391, 14.4741199], [121.0082078, 14.4739528], [121.0083056, 14.4737667], [121.0084597, 14.4737426], [121.0085351, 14.4736919], [121.0085749, 14.4735803], [121.008664, 14.4732426], [121.0086952, 14.4731205], [121.0087008, 14.4729424], [121.0087513, 14.4728536], [121.0089119, 14.4728208], [121.0091635, 14.4728422], [121.0092389, 14.4728219], [121.0093488, 14.4727542], [121.0094102, 14.4726917], [121.0094302, 14.4725942], [121.0094506, 14.4724342], [121.0094956, 14.4723724], [121.0095643, 14.4723589], [121.00963, 14.4723648], [121.0099328, 14.4725326], [121.0103129, 14.4727099], [121.0105136, 14.4728455], [121.0106661, 14.4729675], [121.0108363, 14.4731186], [121.0109233, 14.4731059], [121.0112286, 14.4728824], [121.0113142, 14.4728744], [121.0114218, 14.4729072], [121.0115275, 14.4730033], [121.0117264, 14.4731959], [121.011863, 14.4732235], [121.0120666, 14.4732198], [121.0123189, 14.4731997], [121.0124439, 14.4731492], [121.0126085, 14.4730285], [121.0126781, 14.4730559], [121.0127712, 14.4732347], [121.0128275, 14.4733218], [121.0129484, 14.4734302], [121.0130877, 14.4735173], [121.0131622, 14.4734969], [121.0132339, 14.4733829], [121.0132255, 14.4732321], [121.0132172, 14.4731339], [121.0132315, 14.473082], [121.0133155, 14.4730502], [121.0135247, 14.4732294], [121.0135635, 14.4732436], [121.0136453, 14.4732151], [121.0136829, 14.4730203], [121.0137391, 14.4729867], [121.013884, 14.4729526], [121.0141588, 14.4730025], [121.0142876, 14.4729523], [121.0144503, 14.4727857], [121.0146119, 14.4726597], [121.0147815, 14.4726555], [121.014922, 14.4726958], [121.0152117, 14.4728085], [121.0153297, 14.4727916], [121.0153793, 14.4727306], [121.0153901, 14.4726046], [121.0153874, 14.4722761], [121.0154706, 14.4721787], [121.0156758, 14.4721008], [121.0157749, 14.4720553], [121.0159211, 14.4720631], [121.0160231, 14.4720761], [121.0161424, 14.4720671], [121.0163248, 14.4720203], [121.0165125, 14.4718775], [121.0166829, 14.4718268], [121.0169042, 14.4717307], [121.0170932, 14.4717242], [121.0172086, 14.471719], [121.0173816, 14.471897], [121.0175881, 14.4718891], [121.0176365, 14.4718359], [121.0177437, 14.4716086], [121.0178497, 14.4715619], [121.018142, 14.4715658], [121.0183458, 14.471519], [121.0185121, 14.4714684], [121.018716, 14.4715671], [121.0187804, 14.4716917], [121.0190299, 14.4717983], [121.0192095, 14.4719826], [121.0192739, 14.471993], [121.0193893, 14.47198], [121.0195529, 14.4719618], [121.0196508, 14.4719878], [121.0197353, 14.4720307], [121.0198318, 14.4720969], [121.0198698, 14.4723012], [121.0198647, 14.4724349], [121.0198319, 14.4726703], [121.0198533, 14.4727984], [121.02002, 14.4730041], [121.0200772, 14.4730755], [121.0200858, 14.4731538], [121.0200356, 14.4734238], [121.0201043, 14.4735589], [121.0201745, 14.473624], [121.0204455, 14.4734855], [121.0205292, 14.4735596], [121.0206765, 14.4738026], [121.0207488, 14.4738546], [121.0208511, 14.4738629], [121.0209369, 14.4737902], [121.0211019, 14.4736461], [121.0211675, 14.4736214], [121.0213083, 14.4737616], [121.0214028, 14.473853], [121.021012, 14.4743388], [121.0208886, 14.4747153], [121.0207223, 14.474962], [121.0206912, 14.475078], [121.0207009, 14.4752113], [121.0208296, 14.4753567], [121.0210064, 14.4754786], [121.0215107, 14.4757818], [121.0217842, 14.475939], [121.0211351, 14.4761792], [121.0208309, 14.4762608], [121.0196695, 14.4766751], [121.0195769, 14.4768101], [121.0193541, 14.4768544], [121.0191699, 14.476912], [121.0189775, 14.476866], [121.0188608, 14.4769023], [121.0186784, 14.4770802], [121.0185215, 14.4770945], [121.0182747, 14.4773945], [121.0178402, 14.4774295], [121.0178094, 14.477449], [121.0171656, 14.4777191], [121.0170758, 14.4778295], [121.0170114, 14.4779814], [121.0167553, 14.477945], [121.0166654, 14.4779906], [121.0166238, 14.4780671], [121.0165011, 14.4781598], [121.0163394, 14.478227], [121.0162026, 14.4783213], [121.0161141, 14.4783746], [121.0158662, 14.4785337], [121.0156234, 14.4787091], [121.0154276, 14.4787882], [121.015087, 14.4787934], [121.0147336, 14.4790739], [121.0146834, 14.4791375], [121.0145412, 14.4793921], [121.0142434, 14.4792277], [121.0142126, 14.4792959], [121.0140563, 14.4793635], [121.0139631, 14.4794102], [121.0138223, 14.4797231], [121.0137615, 14.4797274], [121.0137075, 14.4797008], [121.0136303, 14.4796177], [121.0134758, 14.4795512], [121.0133385, 14.4795097], [121.0130928, 14.4795186], [121.0126853, 14.4796727], [121.0124, 14.4797848], [121.0122261, 14.4799685], [121.0121341, 14.4801805], [121.0121036, 14.4804409], [121.0120853, 14.480615], [121.011948, 14.4806648], [121.0117506, 14.4807812], [121.0116733, 14.4808809], [121.0116905, 14.4810388], [121.0116733, 14.4812632], [121.0115618, 14.4813213], [121.0114416, 14.4813297], [121.0112613, 14.4813629], [121.0111412, 14.4814875], [121.0110983, 14.4816538], [121.0111069, 14.4818449], [121.0111584, 14.4820776], [121.0112098, 14.4823186], [121.011227, 14.4824266], [121.0112055, 14.4824859], [121.0111412, 14.4825263], [121.0109867, 14.4825513], [121.0108837, 14.4825596], [121.0107721, 14.4826094], [121.0106176, 14.4826427], [121.0104202, 14.4826427], [121.0102485, 14.4826759], [121.0100855, 14.4827092], [121.0099138, 14.4827092], [121.0097679, 14.4827424], [121.0096306, 14.4828588], [121.0095447, 14.4829585], [121.0095276, 14.4830499], [121.0095705, 14.4831745], [121.0096037, 14.4832735], [121.0095782, 14.4833522], [121.0094589, 14.4834654], [121.0093731, 14.4835568], [121.0092625, 14.4836085], [121.0091654, 14.4835992], [121.0090191, 14.4836394], [121.0086017, 14.4837694], [121.0088927, 14.4844491], [121.0090657, 14.4848632], [121.0091703, 14.4850892], [121.0089048, 14.4852762], [121.0092441, 14.4858385], [121.0090019, 14.4859639], [121.0088229, 14.4860566], [121.0083388, 14.4862955], [121.0084273, 14.4865955], [121.008455, 14.4866706], [121.0084729, 14.4867189], [121.0085222, 14.4868524], [121.0087103, 14.4873615], [121.0079217, 14.4876771], [121.0069738, 14.4880975], [121.0071111, 14.4885546], [121.0074932, 14.4886092], [121.0079539, 14.4885808], [121.008308, 14.4888093], [121.0094734, 14.4884184], [121.0092742, 14.4880329], [121.0096219, 14.4878792], [121.0100229, 14.4877286], [121.0099129, 14.4876299], [121.0100755, 14.4874291], [121.0103475, 14.4872209], [121.0106765, 14.4870113], [121.0118319, 14.4864271], [121.0119713, 14.4863575], [121.012118, 14.4865915], [121.0119561, 14.4868097], [121.0113755, 14.4871603], [121.0119234, 14.4878644], [121.0126961, 14.4874382], [121.0131165, 14.4872371], [121.0132988, 14.4878862], [121.0132228, 14.4879117], [121.0132737, 14.4880605], [121.0142973, 14.487779], [121.0145621, 14.4884576], [121.0148352, 14.4883602], [121.0149897, 14.4886816], [121.0152532, 14.4885674], [121.0152891, 14.4886639], [121.0154356, 14.488609], [121.0156582, 14.4885272], [121.016161, 14.4883613], [121.0164371, 14.4892134], [121.0170114, 14.4890777], [121.0176452, 14.4889603], [121.0177725, 14.4889086], [121.0189775, 14.4886628], [121.0190065, 14.4887873], [121.0186851, 14.4896204], [121.0186408, 14.489619], [121.0186345, 14.4896529], [121.0186905, 14.4897012], [121.018782, 14.489702], [121.0188864, 14.4899667], [121.0214476, 14.488939], [121.0222304, 14.4909487], [121.0222196, 14.4910332], [121.0221775, 14.4910543], [121.0219371, 14.4910127], [121.0217829, 14.4910047], [121.0216711, 14.491154], [121.0215767, 14.4914282], [121.02148, 14.4914784], [121.0213792, 14.4914199], [121.0212505, 14.4912122], [121.0211245, 14.4912361], [121.0209693, 14.4913451], [121.0208229, 14.4915352], [121.0206766, 14.4916262], [121.0204459, 14.4916272], [121.0203471, 14.4915646], [121.020253, 14.4915769], [121.020006, 14.491769], [121.0199206, 14.4919103], [121.0199545, 14.4922094], [121.0198686, 14.4923839], [121.019757, 14.492467], [121.0196026, 14.4924005], [121.0194566, 14.4923756], [121.0193666, 14.4924223], [121.019285, 14.4926498], [121.0193193, 14.4927994], [121.0192936, 14.492949], [121.0192249, 14.4930487], [121.0191391, 14.4930653], [121.0189974, 14.4930628], [121.0187872, 14.4929157], [121.0184095, 14.492816], [121.0182657, 14.4927597], [121.0181533, 14.4927513], [121.0180088, 14.4928861], [121.0178516, 14.4929573], [121.0178043, 14.4929735], [121.0177886, 14.4929789], [121.0176021, 14.4929091], [121.0175512, 14.492924], [121.0175083, 14.4929739], [121.017534, 14.4930819], [121.0175426, 14.4932814], [121.0174997, 14.4933728], [121.017268, 14.4933728], [121.0168214, 14.4932843], [121.0165236, 14.4932366], [121.0162121, 14.4932327], [121.0160596, 14.4932625], [121.0156724, 14.49333], [121.0155819, 14.4933782], [121.0155912, 14.4936516], [121.015557, 14.4939989], [121.0155741, 14.4942565], [121.0156996, 14.4944917], [121.0156486, 14.4947353], [121.0157157, 14.4949068], [121.0157295, 14.4951875], [121.0155694, 14.4953895], [121.0151641, 14.496073], [121.015048, 14.4963918], [121.0146767, 14.4967573], [121.0145756, 14.4968499], [121.014858, 14.4969867], [121.0154293, 14.497241], [121.0149681, 14.4979769], [121.0150534, 14.4982865], [121.0151224, 14.4983241], [121.015279, 14.4980968], [121.0163637, 14.4985619], [121.0169799, 14.4985644], [121.0168786, 14.4989029], [121.0174312, 14.4992353], [121.0179394, 14.4993245], [121.017222, 14.5005993], [121.0173266, 14.5006492], [121.017226, 14.5010608], [121.0172053, 14.50125], [121.0170934, 14.5023802]]]}}, {"type": "Feature", "properties": {"canonical_name": "Baclaran", "osm_name": "Baclaran", "osm_id": 156053}, "geometry": {"type": "Polygon", "coordinates": [[[120.9934255, 14.5254691], [120.9934218, 14.5253195], [120.9933895, 14.524791], [120.99357, 14.5247945], [120.9938183, 14.5247939], [120.9938926, 14.5247946], [120.9939642, 14.5247952], [120.9944766, 14.5248254], [120.9948758, 14.524849], [120.9954049, 14.5248867], [120.9955518, 14.5248947], [120.995657, 14.5249004], [120.9968857, 14.5249776], [120.9970038, 14.524973], [120.9987346, 14.5250098], [120.9984063, 14.5269891], [120.9984008, 14.5270581], [120.998324, 14.5273062], [120.9983191, 14.5274293], [120.9983571, 14.5275105], [120.998535, 14.5276189], [120.9988019, 14.5277451], [120.9990529, 14.5278417], [120.9991626, 14.5279084], [120.999238, 14.5280377], [120.9993625, 14.5283121], [120.9995073, 14.5285912], [120.9995993, 14.5287213], [120.9996709, 14.528873], [120.9997138, 14.5289872], [120.9997356, 14.5291298], [120.9997594, 14.529378], [120.9997672, 14.5296267], [120.9997648, 14.5297116], [120.9997834, 14.5297728], [120.9998248, 14.5298445], [120.9997519, 14.5299341], [120.9996998, 14.5300478], [120.9995653, 14.5303182], [120.9994342, 14.5305382], [120.9992961, 14.5308333], [120.9992451, 14.5309968], [120.9992371, 14.531163], [120.9993001, 14.5314486], [120.9993859, 14.5317297], [120.9993967, 14.5317933], [120.9993943, 14.5318306], [120.9993755, 14.5318585], [120.9993306, 14.5318715], [120.9990828, 14.5318744], [120.9988488, 14.5318854], [120.9987985, 14.5319049], [120.9987462, 14.531953], [120.9987114, 14.5320412], [120.9987047, 14.5323697], [120.9987325, 14.5324979], [120.9987097, 14.5325135], [120.9984949, 14.5326677], [120.9979832, 14.5331884], [120.9974986, 14.5332021], [120.9966215, 14.5332275], [120.9965596, 14.5332355], [120.9933545, 14.5328627], [120.9930504, 14.5328273], [120.9929013, 14.5328064], [120.9926445, 14.5327801], [120.9928148, 14.5312516], [120.9790957, 14.5297895], [120.9790983, 14.5295557], [120.9793299, 14.5240138], [120.9798786, 14.5240691], [120.9810929, 14.5241961], [120.9812245, 14.5242098], [120.9822582, 14.5243179], [120.9826362, 14.5243574], [120.9850234, 14.524607], [120.9910704, 14.5252379], [120.9919247, 14.5253379], [120.9921498, 14.5253583], [120.9922136, 14.5253636], [120.9930264, 14.5254315], [120.9934255, 14.5254691]]]}}, {"type": "Feature", "properties": {"canonical_name": "Vitalez", "osm_name": "Vitalez", "osm_id": 156062}, "geometry": {"type": "Polygon", "coordinates": [[[121.0111362, 14.5088933], [121.0104837, 14.5089209], [121.0102791, 14.5086979], [121.0101475, 14.5085713], [121.0099752, 14.508517], [121.0097231, 14.5084753], [121.009461, 14.5084758], [121.0092108, 14.5085386], [121.0090906, 14.5086798], [121.0090563, 14.5088377], [121.0089704, 14.5091119], [121.0088331, 14.5093113], [121.0086872, 14.5094194], [121.0084726, 14.5095274], [121.0083009, 14.5095606], [121.0081722, 14.5095606], [121.0080435, 14.509544], [121.0079405, 14.5095606], [121.007889, 14.5096437], [121.0078804, 14.5098265], [121.0078203, 14.510109], [121.0078289, 14.5104497], [121.007743, 14.5105744], [121.0076658, 14.5106491], [121.0075559, 14.5106772], [121.0073449, 14.5106988], [121.0071544, 14.5107271], [121.0069792, 14.510699], [121.0067388, 14.5106658], [121.0065071, 14.5106242], [121.0062906, 14.5106004], [121.0061625, 14.5106329], [121.0060179, 14.5107405], [121.0058977, 14.5107572], [121.0056637, 14.5107672], [121.0054924, 14.5107234], [121.005404, 14.5107205], [121.0052997, 14.5107171], [121.0051585, 14.5107551], [121.0049833, 14.5108729], [121.0047782, 14.5111407], [121.0047162, 14.5111493], [121.0046459, 14.5110804], [121.0044748, 14.5108357], [121.0042931, 14.5106362], [121.0041467, 14.5104166], [121.0040395, 14.5099977], [121.0039454, 14.5098228], [121.0038843, 14.5097992], [121.0038154, 14.5097803], [121.0035578, 14.5098455], [121.0033415, 14.5098801], [121.0031625, 14.5098336], [121.0029197, 14.5096388], [121.002744, 14.5095373], [121.0025458, 14.5094501], [121.0025644, 14.5094194], [121.0028099, 14.5089765], [121.0031737, 14.5086397], [121.0033282, 14.5085627], [121.0037016, 14.5086243], [121.0039038, 14.5086045], [121.0040746, 14.5085368], [121.0042055, 14.5084327], [121.0043561, 14.5082098], [121.0045563, 14.5078989], [121.0048036, 14.5074946], [121.0048772, 14.5073595], [121.0049049, 14.5073087], [121.007798, 14.5070668], [121.0111362, 14.5088933]]]}}, {"type": "Feature", "properties": {"canonical_name": "Sun Valley", "osm_name": "Sun Valley", "osm_id": 156096}, "geometry": {"type": "Polygon", "coordinates": [[[121.0385616, 14.4941522], [121.0384299, 14.4945086], [121.038163, 14.4951682], [121.0391067, 14.4955365], [121.0404714, 14.4961016], [121.0409177, 14.4963509], [121.0420821, 14.4942078], [121.0432977, 14.491963], [121.0446224, 14.4894945], [121.0445226, 14.4893123], [121.0445238, 14.4889084], [121.0443344, 14.4887469], [121.0441117, 14.4887205], [121.0435916, 14.488558], [121.0431665, 14.4876919], [121.0430015, 14.4875296], [121.042711, 14.4873762], [121.0423685, 14.4871348], [121.0418643, 14.4866985], [121.0416745, 14.486428], [121.0414994, 14.4865424], [121.0411609, 14.4864355], [121.0410314, 14.4863217], [121.0408678, 14.4861791], [121.040189, 14.4863731], [121.0400301, 14.4865223], [121.0399738, 14.4865119], [121.0398035, 14.4867123], [121.0394909, 14.4867474], [121.0392999, 14.4867027], [121.0395024, 14.486426], [121.0393606, 14.4859486], [121.0390685, 14.4852673], [121.0389278, 14.4849905], [121.0382911, 14.4849876], [121.0382017, 14.4849859], [121.0380214, 14.4849859], [121.0376867, 14.4850358], [121.0373863, 14.4851605], [121.0370515, 14.4854347], [121.0366224, 14.4855926], [121.0361083, 14.4857404], [121.0358417, 14.4847334], [121.0357327, 14.4845308], [121.0356269, 14.4843976], [121.0347903, 14.4838871], [121.0347179, 14.4837899], [121.0346105, 14.483734], [121.0344248, 14.4835644], [121.0342353, 14.4836897], [121.0339667, 14.4841163], [121.0338017, 14.4842711], [121.033554, 14.4842665], [121.0335198, 14.4846031], [121.0334371, 14.4847394], [121.0333018, 14.4848851], [121.0331828, 14.4848463], [121.0329963, 14.484788], [121.0328544, 14.4848262], [121.0328667, 14.4848608], [121.033068, 14.4854612], [121.0332467, 14.485963], [121.0329291, 14.486204], [121.0321309, 14.4863038], [121.0313895, 14.486428], [121.0306183, 14.486538], [121.0305798, 14.4863184], [121.0304756, 14.4857231], [121.0303522, 14.4850183], [121.0303648, 14.4851362], [121.0302795, 14.485273], [121.0301825, 14.4854138], [121.0299938, 14.485645], [121.0299642, 14.4857997], [121.0298907, 14.4858134], [121.0297877, 14.4858134], [121.0296504, 14.4857885], [121.0295468, 14.4858007], [121.0295447, 14.485969], [121.0294275, 14.4860318], [121.0291622, 14.4860752], [121.0291048, 14.4859875], [121.0290238, 14.4858716], [121.0289144, 14.4857874], [121.0288069, 14.485841], [121.0285499, 14.4862814], [121.0285026, 14.4864079], [121.0286033, 14.4867603], [121.0285346, 14.4868605], [121.0283286, 14.4869866], [121.0281297, 14.4872026], [121.0281054, 14.4872345], [121.0279338, 14.4872345], [121.0276934, 14.4872428], [121.0273965, 14.487277], [121.0271755, 14.4873134], [121.0268658, 14.4875071], [121.0267739, 14.4876099], [121.026612, 14.4877663], [121.0264317, 14.4878079], [121.0263236, 14.4878468], [121.0263431, 14.4880322], [121.0263451, 14.4883032], [121.0263424, 14.4884584], [121.0263116, 14.4884893], [121.0262087, 14.4884791], [121.0260901, 14.48844], [121.0259559, 14.4883776], [121.0259033, 14.4884068], [121.0258169, 14.4885655], [121.0257373, 14.4885981], [121.0255085, 14.4886846], [121.0254199, 14.488741], [121.0253503, 14.4886971], [121.0251762, 14.4885649], [121.0250474, 14.4885735], [121.024924, 14.488683], [121.0248221, 14.488811], [121.0247752, 14.4889131], [121.0246869, 14.4890298], [121.0244753, 14.489123], [121.0243375, 14.4892289], [121.0242516, 14.4893203], [121.024216, 14.4895187], [121.0240804, 14.4897016], [121.0240836, 14.4899131], [121.0239936, 14.4900942], [121.0237783, 14.4903459], [121.0235465, 14.4904521], [121.0233042, 14.49044], [121.0233847, 14.4913563], [121.0235821, 14.4914061], [121.0235145, 14.4924754], [121.0234573, 14.4933814], [121.023304, 14.4940758], [121.0231897, 14.4945932], [121.0232596, 14.4946006], [121.0233562, 14.4946746], [121.0234923, 14.4946915], [121.0235919, 14.4946687], [121.0238431, 14.4947502], [121.0239944, 14.4947534], [121.0241491, 14.4948206], [121.0243939, 14.4947996], [121.0246125, 14.4947034], [121.0246825, 14.4946701], [121.0247637, 14.4946909], [121.0248441, 14.4946668], [121.0248984, 14.4945078], [121.0252948, 14.4944741], [121.0254894, 14.4943984], [121.0255839, 14.4943002], [121.0257686, 14.4940573], [121.0259964, 14.4939301], [121.0262222, 14.4939188], [121.0264673, 14.4939805], [121.0267213, 14.4940573], [121.0269702, 14.494049], [121.0272019, 14.4940158], [121.0274038, 14.4940993], [121.0274988, 14.4941598], [121.0276877, 14.4942153], [121.0278457, 14.4942402], [121.0280199, 14.494213], [121.0280692, 14.4942275], [121.0282277, 14.4943182], [121.0283451, 14.4943428], [121.0286063, 14.4946235], [121.0287102, 14.494717], [121.0290269, 14.4949158], [121.0291822, 14.4949725], [121.0293448, 14.4949065], [121.02958, 14.4949361], [121.0296392, 14.4948895], [121.0296708, 14.4948487], [121.0299108, 14.4950193], [121.0300387, 14.4951176], [121.030352, 14.4953838], [121.0306191, 14.4954647], [121.0307401, 14.4954939], [121.0314047, 14.4954425], [121.0316379, 14.4954862], [121.0318353, 14.4955232], [121.031961, 14.4956324], [121.0321286, 14.4956944], [121.032292, 14.4956316], [121.0325213, 14.495592], [121.0327681, 14.4955816], [121.0327667, 14.4954663], [121.0327903, 14.4937324], [121.0328502, 14.4931858], [121.0329467, 14.4928949], [121.0337484, 14.492801], [121.0339444, 14.4927706], [121.0348005, 14.4929549], [121.0347888, 14.49255], [121.035009, 14.4920966], [121.0350137, 14.4919906], [121.035235, 14.4920362], [121.0354, 14.49212], [121.0356897, 14.4920758], [121.0357621, 14.4922076], [121.035811, 14.4922121], [121.0360324, 14.4921819], [121.0361134, 14.4921862], [121.0364558, 14.4923063], [121.0365651, 14.4925265], [121.0367665, 14.4926367], [121.0369058, 14.4927608], [121.0371947, 14.4927679], [121.0373693, 14.4926457], [121.0374716, 14.4926791], [121.037477, 14.4926898], [121.0374787, 14.4927066], [121.0374967, 14.4929225], [121.0376645, 14.4930898], [121.037915, 14.4931981], [121.037935, 14.4934184], [121.0381405, 14.4934047], [121.0383788, 14.4934139], [121.0384647, 14.4934528], [121.0385489, 14.4936677], [121.0385247, 14.4938748], [121.0385616, 14.4941522]]]}}, {"type": "Feature", "properties": {"canonical_name": "Merville", "osm_name": "Merville", "osm_id": 156100}, "geometry": {"type": "Polygon", "coordinates": [[[121.0347428, 14.5072895], [121.0344819, 14.5072385], [121.0339669, 14.5071489], [121.0316696, 14.5069801], [121.0316858, 14.5065971], [121.0314028, 14.5065426], [121.0311453, 14.506366], [121.0308229, 14.5061981], [121.0305997, 14.5061067], [121.0305482, 14.5059312], [121.0302907, 14.5059405], [121.0302392, 14.5058325], [121.0299646, 14.5058575], [121.0297843, 14.5058076], [121.0295698, 14.5055915], [121.0293177, 14.5053472], [121.0291486, 14.5051984], [121.0289154, 14.5051886], [121.0287289, 14.5050771], [121.0284349, 14.5054069], [121.0282072, 14.50549], [121.0280037, 14.5056295], [121.0277831, 14.505631], [121.0276456, 14.5055277], [121.0276525, 14.5054007], [121.0275895, 14.5053194], [121.0272188, 14.5051036], [121.0270978, 14.5051511], [121.0269262, 14.5050764], [121.0267711, 14.504919], [121.0265255, 14.5047963], [121.026416, 14.5047523], [121.026308, 14.5045596], [121.0261567, 14.5044239], [121.0259288, 14.5046958], [121.0258446, 14.5048569], [121.0258032, 14.5050077], [121.0257421, 14.5050791], [121.0256728, 14.5051304], [121.0255588, 14.5051447], [121.0253741, 14.5051382], [121.0251523, 14.5051674], [121.0249862, 14.5051561], [121.024819, 14.5050894], [121.0246774, 14.504997], [121.0245953, 14.5049364], [121.02454, 14.5048775], [121.0244409, 14.5048402], [121.0242654, 14.5048667], [121.02407, 14.5047821], [121.0239393, 14.5048686], [121.0236966, 14.5050662], [121.0235896, 14.5051549], [121.0235469, 14.5051642], [121.0234894, 14.5051583], [121.0234527, 14.5051273], [121.0233974, 14.504987], [121.0233834, 14.5049297], [121.0233897, 14.5048014], [121.0233197, 14.5046947], [121.0231161, 14.5044744], [121.0229811, 14.5044524], [121.022644, 14.5045421], [121.0225591, 14.5045043], [121.0225097, 14.5043135], [121.0224034, 14.5042487], [121.0222741, 14.5041847], [121.0221712, 14.5042953], [121.0221053, 14.5043498], [121.0220487, 14.504344], [121.0219787, 14.5043155], [121.0219223, 14.5042537], [121.0218175, 14.50414], [121.021729, 14.5040664], [121.0216435, 14.5039789], [121.0215401, 14.5038828], [121.0212127, 14.5034797], [121.0211167, 14.5033618], [121.0210302, 14.503215], [121.0209341, 14.5030907], [121.020712, 14.5029325], [121.0205404, 14.5028366], [121.0204131, 14.5027784], [121.0203195, 14.5026767], [121.0203258, 14.5025004], [121.0203001, 14.5023259], [121.0201799, 14.5022262], [121.0199095, 14.5021618], [121.0197604, 14.5021158], [121.0194755, 14.5020273], [121.019372, 14.5020221], [121.0191277, 14.5020444], [121.0190247, 14.5021275], [121.0188294, 14.5022488], [121.0183681, 14.5022895], [121.0182479, 14.5022865], [121.0180988, 14.5022524], [121.017995, 14.5022614], [121.0179208, 14.5023392], [121.0178769, 14.5023853], [121.0177544, 14.5025138], [121.0175657, 14.5026124], [121.0175016, 14.5026033], [121.0174231, 14.5025591], [121.0172353, 14.502466], [121.0171489, 14.5023955], [121.0170934, 14.5023802], [121.0172053, 14.50125], [121.017226, 14.5010608], [121.0173266, 14.5006492], [121.017222, 14.5005993], [121.0179394, 14.4993245], [121.0174312, 14.4992353], [121.0168786, 14.4989029], [121.0169799, 14.4985644], [121.0163637, 14.4985619], [121.015279, 14.4980968], [121.0151224, 14.4983241], [121.0150534, 14.4982865], [121.0149681, 14.4979769], [121.0154293, 14.497241], [121.014858, 14.4969867], [121.0145756, 14.4968499], [121.0146767, 14.4967573], [121.015048, 14.4963918], [121.0151641, 14.496073], [121.0155694, 14.4953895], [121.0157295, 14.4951875], [121.0157157, 14.4949068], [121.0156486, 14.4947353], [121.0156996, 14.4944917], [121.0155741, 14.4942565], [121.015557, 14.4939989], [121.0155912, 14.4936516], [121.0155819, 14.4933782], [121.0156724, 14.49333], [121.0160596, 14.4932625], [121.0162121, 14.4932327], [121.0165236, 14.4932366], [121.0168214, 14.4932843], [121.017268, 14.4933728], [121.0174997, 14.4933728], [121.0175426, 14.4932814], [121.017534, 14.4930819], [121.0175083, 14.4929739], [121.0175512, 14.492924], [121.0176021, 14.4929091], [121.0177886, 14.4929789], [121.0178043, 14.4929735], [121.0178516, 14.4929573], [121.0180088, 14.4928861], [121.0181533, 14.4927513], [121.0182657, 14.4927597], [121.0184095, 14.492816], [121.0187872, 14.4929157], [121.0189974, 14.4930628], [121.0191391, 14.4930653], [121.0192249, 14.4930487], [121.0192936, 14.492949], [121.0193193, 14.4927994], [121.019285, 14.4926498], [121.0193666, 14.4924223], [121.0194566, 14.4923756], [121.0196026, 14.4924005], [121.019757, 14.492467], [121.0198686, 14.4923839], [121.0199545, 14.4922094], [121.0199206, 14.4919103], [121.020006, 14.491769], [121.020253, 14.4915769], [121.0203471, 14.4915646], [121.0204459, 14.4916272], [121.0206766, 14.4916262], [121.0208229, 14.4915352], [121.0209693, 14.4913451], [121.0211245, 14.4912361], [121.0212505, 14.4912122], [121.0213792, 14.4914199], [121.02148, 14.4914784], [121.0215767, 14.4914282], [121.0216711, 14.491154], [121.0217829, 14.4910047], [121.0219371, 14.4910127], [121.0221775, 14.4910543], [121.0222196, 14.4910332], [121.0223891, 14.4908244], [121.0226294, 14.4906333], [121.0228698, 14.4905585], [121.0231063, 14.490432], [121.0233042, 14.49044], [121.0233847, 14.4913563], [121.0235821, 14.4914061], [121.0235145, 14.4924754], [121.0234573, 14.4933814], [121.023304, 14.4940758], [121.0231897, 14.4945932], [121.0232596, 14.4946006], [121.0233562, 14.4946746], [121.0234923, 14.4946915], [121.0235919, 14.4946687], [121.0238431, 14.4947502], [121.0239944, 14.4947534], [121.0241491, 14.4948206], [121.0243939, 14.4947996], [121.0246125, 14.4947034], [121.0246825, 14.4946701], [121.0247637, 14.4946909], [121.0248441, 14.4946668], [121.0248984, 14.4945078], [121.0252948, 14.4944741], [121.0254894, 14.4943984], [121.0255839, 14.4943002], [121.0257686, 14.4940573], [121.0259964, 14.4939301], [121.0262222, 14.4939188], [121.0264673, 14.4939805], [121.0267213, 14.4940573], [121.0269702, 14.494049], [121.0272019, 14.4940158], [121.0274038, 14.4940993], [121.0274988, 14.4941598], [121.0276877, 14.4942153], [121.0278457, 14.4942402], [121.0280199, 14.494213], [121.0280692, 14.4942275], [121.0282277, 14.4943182], [121.0283451, 14.4943428], [121.0286063, 14.4946235], [121.0287102, 14.494717], [121.0290269, 14.4949158], [121.0291822, 14.4949725], [121.0293448, 14.4949065], [121.02958, 14.4949361], [121.0296392, 14.4948895], [121.0296708, 14.4948487], [121.0299108, 14.4950193], [121.0300387, 14.4951176], [121.030352, 14.4953838], [121.0306191, 14.4954647], [121.0307401, 14.4954939], [121.0314047, 14.4954425], [121.0316379, 14.4954862], [121.0318353, 14.4955232], [121.031961, 14.4956324], [121.0321286, 14.4956944], [121.032292, 14.4956316], [121.0325213, 14.495592], [121.0327681, 14.4955816], [121.0327667, 14.4954663], [121.0327903, 14.4937324], [121.0328502, 14.4931858], [121.0329467, 14.4928949], [121.0337484, 14.492801], [121.0339444, 14.4927706], [121.0348005, 14.4929549], [121.0347888, 14.49255], [121.035009, 14.4920966], [121.0350137, 14.4919906], [121.035235, 14.4920362], [121.0354, 14.49212], [121.0356897, 14.4920758], [121.0357621, 14.4922076], [121.035811, 14.4922121], [121.0360324, 14.4921819], [121.0361134, 14.4921862], [121.0364558, 14.4923063], [121.0365651, 14.4925265], [121.0367665, 14.4926367], [121.0369058, 14.4927608], [121.0371947, 14.4927679], [121.0373693, 14.4926457], [121.0374716, 14.4926791], [121.037477, 14.4926898], [121.0374787, 14.4927066], [121.0374967, 14.4929225], [121.0376645, 14.4930898], [121.037915, 14.4931981], [121.037935, 14.4934184], [121.0381405, 14.4934047], [121.0383788, 14.4934139], [121.0384647, 14.4934528], [121.0385489, 14.4936677], [121.0385247, 14.4938748], [121.0385616, 14.4941522], [121.0384299, 14.4945086], [121.038163, 14.4951682], [121.0391067, 14.4955365], [121.0404714, 14.4961016], [121.0409177, 14.4963509], [121.0391152, 14.4996415], [121.0367847, 14.5039707], [121.0350318, 14.5073296], [121.0347428, 14.5072895]]]}}, {"type": "Feature", "properties": {"canonical_name": "Don Bosco", "osm_name": "Don Bosco", "osm_id": 1016376}, "geometry": {"type": "Polygon", "coordinates": [[[121.0222304, 14.4909487], [121.0222196, 14.4910332], [121.0223891, 14.4908244], [121.0226294, 14.4906333], [121.0228698, 14.4905585], [121.0231063, 14.490432], [121.0233042, 14.49044], [121.0235465, 14.4904521], [121.0237783, 14.4903459], [121.0239936, 14.4900942], [121.0240836, 14.4899131], [121.0240804, 14.4897016], [121.024216, 14.4895187], [121.0242516, 14.4893203], [121.0243375, 14.4892289], [121.0244753, 14.489123], [121.0246869, 14.4890298], [121.0247752, 14.4889131], [121.0248221, 14.488811], [121.024924, 14.488683], [121.0250474, 14.4885735], [121.0251762, 14.4885649], [121.0253503, 14.4886971], [121.0254199, 14.488741], [121.0255085, 14.4886846], [121.0257373, 14.4885981], [121.0258169, 14.4885655], [121.0259033, 14.4884068], [121.0259559, 14.4883776], [121.0260901, 14.48844], [121.0262087, 14.4884791], [121.0263116, 14.4884893], [121.0263424, 14.4884584], [121.0263451, 14.4883032], [121.0263431, 14.4880322], [121.0263236, 14.4878468], [121.0264317, 14.4878079], [121.026612, 14.4877663], [121.0267739, 14.4876099], [121.0268658, 14.4875071], [121.0271755, 14.4873134], [121.0273965, 14.487277], [121.0276934, 14.4872428], [121.0279338, 14.4872345], [121.0281054, 14.4872345], [121.0281297, 14.4872026], [121.0283286, 14.4869866], [121.0285346, 14.4868605], [121.0286033, 14.4867603], [121.0285026, 14.4864079], [121.0285499, 14.4862814], [121.0288069, 14.485841], [121.0289144, 14.4857874], [121.0290238, 14.4858716], [121.0291048, 14.4859875], [121.0291622, 14.4860752], [121.0294275, 14.4860318], [121.0295447, 14.485969], [121.0295468, 14.4858007], [121.0296504, 14.4857885], [121.0297877, 14.4858134], [121.0298907, 14.4858134], [121.0299642, 14.4857997], [121.0299938, 14.485645], [121.0301825, 14.4854138], [121.0302795, 14.485273], [121.0303648, 14.4851362], [121.0303522, 14.4850183], [121.0304756, 14.4857231], [121.0305798, 14.4863184], [121.0306183, 14.486538], [121.0313895, 14.486428], [121.0321309, 14.4863038], [121.0329291, 14.486204], [121.0332467, 14.485963], [121.033068, 14.4854612], [121.0328667, 14.4848608], [121.0328544, 14.4848262], [121.0329963, 14.484788], [121.0331828, 14.4848463], [121.0333018, 14.4848851], [121.0334371, 14.4847394], [121.0335198, 14.4846031], [121.033554, 14.4842665], [121.0338017, 14.4842711], [121.0339667, 14.4841163], [121.0342353, 14.4836897], [121.0344248, 14.4835644], [121.0346105, 14.483734], [121.0347179, 14.4837899], [121.0347903, 14.4838871], [121.0356269, 14.4843976], [121.0357327, 14.4845308], [121.0358417, 14.4847334], [121.0361083, 14.4857404], [121.0366224, 14.4855926], [121.0370515, 14.4854347], [121.0373863, 14.4851605], [121.0376867, 14.4850358], [121.0380214, 14.4849859], [121.0382017, 14.4849859], [121.0382911, 14.4849876], [121.0389278, 14.4849905], [121.0390685, 14.4852673], [121.0393606, 14.4859486], [121.0395024, 14.486426], [121.0392999, 14.4867027], [121.0394909, 14.4867474], [121.0398035, 14.4867123], [121.0399738, 14.4865119], [121.0400301, 14.4865223], [121.040189, 14.4863731], [121.0408678, 14.4861791], [121.0410314, 14.4863217], [121.0411609, 14.4864355], [121.0414994, 14.4865424], [121.0416745, 14.486428], [121.0418643, 14.4866985], [121.0423685, 14.4871348], [121.042711, 14.4873762], [121.0430015, 14.4875296], [121.0431665, 14.4876919], [121.0435916, 14.488558], [121.0441117, 14.4887205], [121.0443344, 14.4887469], [121.0445238, 14.4889084], [121.0445226, 14.4893123], [121.0446224, 14.4894945], [121.0456457, 14.4875975], [121.0457754, 14.4873607], [121.0450024, 14.4870505], [121.0450947, 14.4864601], [121.0451428, 14.4856752], [121.0447435, 14.4856189], [121.0441723, 14.4854265], [121.0441029, 14.4852081], [121.0433685, 14.4848656], [121.0433169, 14.4848418], [121.0427628, 14.4846673], [121.0421323, 14.4845976], [121.0420151, 14.4844982], [121.0418674, 14.4843572], [121.0421388, 14.4841843], [121.0420108, 14.4838725], [121.040364, 14.4845669], [121.0400148, 14.4839199], [121.0397111, 14.4840526], [121.0392386, 14.4842578], [121.0384747, 14.4845729], [121.0380248, 14.4835139], [121.0376772, 14.4822751], [121.0376786, 14.4822024], [121.0378056, 14.4821732], [121.0379954, 14.482109], [121.0381132, 14.4820095], [121.0382439, 14.4818714], [121.0382855, 14.4818214], [121.0383148, 14.4816193], [121.0383286, 14.4813273], [121.0384031, 14.481189], [121.0384671, 14.4810849], [121.0385313, 14.4809924], [121.0386688, 14.48085], [121.0388115, 14.48072], [121.039113, 14.4807209], [121.0393468, 14.4805832], [121.0393514, 14.4803282], [121.0394525, 14.4801745], [121.039714, 14.4800224], [121.0397974, 14.4797819], [121.0398463, 14.4797305], [121.0396851, 14.4795584], [121.0393078, 14.4798866], [121.0391151, 14.4800599], [121.0386802, 14.4804201], [121.0380599, 14.4790532], [121.0372438, 14.4794728], [121.0371055, 14.479544], [121.0362847, 14.479966], [121.0363166, 14.4796637], [121.0362624, 14.4791337], [121.0364244, 14.478995], [121.0366049, 14.4782036], [121.0366715, 14.4779985], [121.0366789, 14.4779401], [121.0366358, 14.4777419], [121.036596, 14.4775331], [121.0363408, 14.4775708], [121.0362309, 14.4775798], [121.0358195, 14.4776135], [121.0355513, 14.4775096], [121.0353141, 14.4775134], [121.0351275, 14.4775629], [121.0348726, 14.47752], [121.0347024, 14.4772998], [121.0343476, 14.4771095], [121.03381, 14.4768281], [121.0336958, 14.4767585], [121.0339421, 14.4765762], [121.0335404, 14.4761973], [121.03278, 14.4768574], [121.0325936, 14.477473], [121.0325468, 14.4776926], [121.0323604, 14.4775576], [121.0321967, 14.4779029], [121.0317822, 14.4779975], [121.0309333, 14.4781988], [121.0307483, 14.4774017], [121.0305176, 14.4765717], [121.0305404, 14.4760212], [121.0305753, 14.4751514], [121.0288613, 14.4754874], [121.0276918, 14.4756744], [121.0273688, 14.4756409], [121.0269958, 14.4753718], [121.0267031, 14.4754816], [121.0254146, 14.4759648], [121.0253372, 14.4759938], [121.0251666, 14.4760548], [121.0242358, 14.473798], [121.0236647, 14.4726116], [121.0236489, 14.4725664], [121.0235393, 14.4725575], [121.0234518, 14.4725543], [121.0234237, 14.4725663], [121.0233982, 14.4726015], [121.0233778, 14.4727183], [121.0232639, 14.4728785], [121.023219, 14.4729095], [121.0231302, 14.4729426], [121.023019, 14.4729326], [121.0228531, 14.4729631], [121.0227566, 14.4730462], [121.0225814, 14.4731462], [121.0224715, 14.4730884], [121.0224278, 14.4729321], [121.0223738, 14.4727297], [121.0222849, 14.4726358], [121.0222171, 14.4726085], [121.0220527, 14.4727514], [121.0219883, 14.4730318], [121.0218703, 14.4732604], [121.0217308, 14.4735513], [121.0216879, 14.4737486], [121.0216178, 14.4738366], [121.0214878, 14.4739366], [121.0214028, 14.473853], [121.021012, 14.4743388], [121.0208886, 14.4747153], [121.0207223, 14.474962], [121.0206912, 14.475078], [121.0207009, 14.4752113], [121.0208296, 14.4753567], [121.0210064, 14.4754786], [121.0215107, 14.4757818], [121.0217842, 14.475939], [121.0211351, 14.4761792], [121.0208309, 14.4762608], [121.0196695, 14.4766751], [121.0195769, 14.4768101], [121.0193541, 14.4768544], [121.0191699, 14.476912], [121.0189775, 14.476866], [121.0188608, 14.4769023], [121.0186784, 14.4770802], [121.0185215, 14.4770945], [121.0182747, 14.4773945], [121.0178402, 14.4774295], [121.0178094, 14.477449], [121.0171656, 14.4777191], [121.0170758, 14.4778295], [121.0170114, 14.4779814], [121.0167553, 14.477945], [121.0166654, 14.4779906], [121.0166238, 14.4780671], [121.0165011, 14.4781598], [121.0163394, 14.478227], [121.0162026, 14.4783213], [121.0161141, 14.4783746], [121.0158662, 14.4785337], [121.0156234, 14.4787091], [121.0154276, 14.4787882], [121.015087, 14.4787934], [121.0147336, 14.4790739], [121.0146834, 14.4791375], [121.0145412, 14.4793921], [121.0142434, 14.4792277], [121.0142126, 14.4792959], [121.0140563, 14.4793635], [121.0139631, 14.4794102], [121.0138223, 14.4797231], [121.0137615, 14.4797274], [121.0137075, 14.4797008], [121.0136303, 14.4796177], [121.0134758, 14.4795512], [121.0133385, 14.4795097], [121.0130928, 14.4795186], [121.0126853, 14.4796727], [121.0124, 14.4797848], [121.0122261, 14.4799685], [121.0121341, 14.4801805], [121.0121036, 14.4804409], [121.0120853, 14.480615], [121.011948, 14.4806648], [121.0117506, 14.4807812], [121.0116733, 14.4808809], [121.0116905, 14.4810388], [121.0116733, 14.4812632], [121.0115618, 14.4813213], [121.0114416, 14.4813297], [121.0112613, 14.4813629], [121.0111412, 14.4814875], [121.0110983, 14.4816538], [121.0111069, 14.4818449], [121.0111584, 14.4820776], [121.0112098, 14.4823186], [121.011227, 14.4824266], [121.0112055, 14.4824859], [121.0111412, 14.4825263], [121.0109867, 14.4825513], [121.0108837, 14.4825596], [121.0107721, 14.4826094], [121.0106176, 14.4826427], [121.0104202, 14.4826427], [121.0102485, 14.4826759], [121.0100855, 14.4827092], [121.0099138, 14.4827092], [121.0097679, 14.4827424], [121.0096306, 14.4828588], [121.0095447, 14.4829585], [121.0095276, 14.4830499], [121.0095705, 14.4831745], [121.0096037, 14.4832735], [121.0095782, 14.4833522], [121.0094589, 14.4834654], [121.0093731, 14.4835568], [121.0092625, 14.4836085], [121.0091654, 14.4835992], [121.0090191, 14.4836394], [121.0086017, 14.4837694], [121.0088927, 14.4844491], [121.0090657, 14.4848632], [121.0091703, 14.4850892], [121.0089048, 14.4852762], [121.0092441, 14.4858385], [121.0090019, 14.4859639], [121.0088229, 14.4860566], [121.0083388, 14.4862955], [121.0084273, 14.4865955], [121.008455, 14.4866706], [121.0084729, 14.4867189], [121.0085222, 14.4868524], [121.0087103, 14.4873615], [121.0079217, 14.4876771], [121.0069738, 14.4880975], [121.0071111, 14.4885546], [121.0074932, 14.4886092], [121.0079539, 14.4885808], [121.008308, 14.4888093], [121.0094734, 14.4884184], [121.0092742, 14.4880329], [121.0096219, 14.4878792], [121.0100229, 14.4877286], [121.0099129, 14.4876299], [121.0100755, 14.4874291], [121.0103475, 14.4872209], [121.0106765, 14.4870113], [121.0118319, 14.4864271], [121.0119713, 14.4863575], [121.012118, 14.4865915], [121.0119561, 14.4868097], [121.0113755, 14.4871603], [121.0119234, 14.4878644], [121.0126961, 14.4874382], [121.0131165, 14.4872371], [121.0132988, 14.4878862], [121.0132228, 14.4879117], [121.0132737, 14.4880605], [121.0142973, 14.487779], [121.0145621, 14.4884576], [121.0148352, 14.4883602], [121.0149897, 14.4886816], [121.0152532, 14.4885674], [121.0152891, 14.4886639], [121.0154356, 14.488609], [121.0156582, 14.4885272], [121.016161, 14.4883613], [121.0164371, 14.4892134], [121.0170114, 14.4890777], [121.0176452, 14.4889603], [121.0177725, 14.4889086], [121.0189775, 14.4886628], [121.0190065, 14.4887873], [121.0186851, 14.4896204], [121.0186408, 14.489619], [121.0186345, 14.4896529], [121.0186905, 14.4897012], [121.018782, 14.489702], [121.0188864, 14.4899667], [121.0214476, 14.488939], [121.0222304, 14.4909487]]]}}, {"type": "Feature", "properties": {"canonical_name": "San Martin de Porres", "osm_name": "San Martin de Porres", "osm_id": 1561592}, "geometry": {"type": "Polygon", "coordinates": [[[121.0409177, 14.4963509], [121.0391152, 14.4996415], [121.0367847, 14.5039707], [121.0370504, 14.5040679], [121.0378015, 14.504355], [121.0387611, 14.5047233], [121.0399437, 14.504208], [121.0420667, 14.5032694], [121.0437875, 14.5017298], [121.0442586, 14.5014438], [121.04493, 14.5011429], [121.0459475, 14.5006166], [121.0466222, 14.5002722], [121.0468592, 14.5001437], [121.0470029, 14.4994098], [121.047134, 14.4988211], [121.0471152, 14.498673], [121.0471595, 14.4983773], [121.0472584, 14.4976482], [121.0473427, 14.4967428], [121.0474626, 14.4956456], [121.0474794, 14.4954863], [121.0475213, 14.4950651], [121.0475676, 14.4942604], [121.0476574, 14.4937392], [121.047717, 14.4931474], [121.0477332, 14.492994], [121.0477584, 14.4928156], [121.0476578, 14.4923549], [121.0475491, 14.4916738], [121.0475352, 14.4915283], [121.0473566, 14.4914733], [121.0473277, 14.4911599], [121.0472733, 14.4905716], [121.0470074, 14.4893031], [121.0469782, 14.4889946], [121.0467973, 14.4882915], [121.046666, 14.4878747], [121.0465799, 14.4876109], [121.0464819, 14.4873589], [121.0464756, 14.4872625], [121.0464583, 14.487117], [121.0464984, 14.4862785], [121.0465925, 14.4855474], [121.0465883, 14.4853761], [121.046584, 14.4852047], [121.0465142, 14.4843909], [121.046382, 14.4835465], [121.0462998, 14.4831694], [121.0462185, 14.4827509], [121.0461919, 14.482328], [121.0462221, 14.4817269], [121.0459476, 14.4816322], [121.0459804, 14.4815699], [121.0461074, 14.4810492], [121.0461787, 14.4808635], [121.0465452, 14.4802701], [121.0465572, 14.4801364], [121.0466401, 14.4801488], [121.0468309, 14.4796339], [121.0469726, 14.4791685], [121.0470221, 14.4790776], [121.0473608, 14.4780747], [121.0473968, 14.4779607], [121.0476753, 14.4772396], [121.0478018, 14.4769044], [121.0478333, 14.4766414], [121.0479748, 14.4762369], [121.0481194, 14.47578], [121.048127, 14.4756482], [121.0481384, 14.4754509], [121.0481398, 14.4753255], [121.0481383, 14.4752811], [121.0481319, 14.4750964], [121.0481182, 14.4746977], [121.0480141, 14.4739861], [121.047948, 14.4736957], [121.0479265, 14.473584], [121.0478508, 14.4733198], [121.0477898, 14.4731614], [121.0475864, 14.4725434], [121.04753, 14.4724323], [121.0475243, 14.4724204], [121.0471666, 14.4725505], [121.0468949, 14.4727492], [121.0466583, 14.4723518], [121.0461192, 14.4722818], [121.0458497, 14.4716072], [121.045826, 14.4714027], [121.0458255, 14.4711377], [121.0463297, 14.4710442], [121.0462748, 14.4707443], [121.0464925, 14.4707049], [121.0473304, 14.4705532], [121.0479201, 14.4703998], [121.0477039, 14.4693157], [121.0475102, 14.4678752], [121.0474089, 14.4672016], [121.0474786, 14.4663575], [121.047399, 14.4655084], [121.0473163, 14.4653448], [121.0471854, 14.4651994], [121.0471002, 14.4651074], [121.0470696, 14.4650516], [121.0470636, 14.464988], [121.0471136, 14.4648952], [121.0469462, 14.4641681], [121.0467229, 14.4635463], [121.0465285, 14.4630022], [121.0464185, 14.4628347], [121.0463266, 14.4627145], [121.0461911, 14.4625263], [121.0461121, 14.4622831], [121.0460744, 14.4621446], [121.0462802, 14.4621207], [121.0463059, 14.4621203], [121.0464164, 14.4616236], [121.0464609, 14.4614488], [121.0462779, 14.4614148], [121.0462732, 14.4609094], [121.045277, 14.4612731], [121.0452629, 14.4629484], [121.0452566, 14.4645123], [121.0452187, 14.4703135], [121.0452114, 14.4723482], [121.0451881, 14.4775179], [121.0451761, 14.4804698], [121.0451706, 14.4822777], [121.0451609, 14.4840234], [121.0451508, 14.4848409], [121.0451428, 14.4856752], [121.0450947, 14.4864601], [121.0450024, 14.4870505], [121.0457754, 14.4873607], [121.0456457, 14.4875975], [121.0446224, 14.4894945], [121.0432977, 14.491963], [121.0420821, 14.4942078], [121.0409177, 14.4963509]]]}}, {"type": "Feature", "properties": {"canonical_name": "San Dionisio", "osm_name": "San Dionisio", "osm_id": 1561593}, "geometry": {"type": "Polygon", "coordinates": [[[120.9886862, 14.5004596], [120.98865, 14.5002383], [120.9886687, 14.5002342], [120.9886585, 14.5001293], [120.9886149, 14.5001107], [120.9886144, 14.5000244], [120.9886209, 14.4999403], [120.9886342, 14.4998908], [120.9886608, 14.4998513], [120.9886495, 14.4998245], [120.9886296, 14.4998062], [120.9886485, 14.4997699], [120.9886982, 14.4997541], [120.9887166, 14.4997329], [120.9887114, 14.4996727], [120.9887692, 14.4995097], [120.9887596, 14.4994365], [120.9882098, 14.4975577], [120.9878786, 14.4964904], [120.9875514, 14.4956309], [120.9871759, 14.4948038], [120.9868701, 14.4941909], [120.9864771, 14.4935249], [120.9861727, 14.4930743], [120.9859031, 14.4926783], [120.9855913, 14.4922543], [120.9852356, 14.4918683], [120.9852027, 14.4918644], [120.9850167, 14.4918421], [120.9847365, 14.4918275], [120.9829849, 14.4917277], [120.9828568, 14.4917402], [120.9827723, 14.4917844], [120.9827267, 14.4919641], [120.9827053, 14.4920193], [120.9826731, 14.4920732], [120.9826074, 14.4921115], [120.9825397, 14.4921083], [120.9824471, 14.4920719], [120.9823861, 14.4920687], [120.982315, 14.492092], [120.9815971, 14.4925106], [120.981526, 14.4925661], [120.9813642, 14.4927445], [120.9813213, 14.4927841], [120.9812567, 14.4928303], [120.9812006, 14.4928542], [120.9811147, 14.49291], [120.981098, 14.4929438], [120.9811067, 14.4929841], [120.9813018, 14.4933327], [120.9815083, 14.493617], [120.9816237, 14.4937404], [120.9817417, 14.4937936], [120.9818, 14.4938397], [120.9818403, 14.4939014], [120.9818503, 14.4940059], [120.9818369, 14.4941059], [120.9818497, 14.4943422], [120.9818758, 14.4944474], [120.9819965, 14.4947428], [120.9820823, 14.4949142], [120.9822084, 14.4950894], [120.9823095, 14.4952032], [120.982376, 14.4952933], [120.9823988, 14.4953426], [120.9824069, 14.4954004], [120.9823881, 14.4955958], [120.9824029, 14.495688], [120.9824257, 14.4958036], [120.982549, 14.4961567], [120.9826771, 14.4964203], [120.9827361, 14.4965138], [120.9828032, 14.4965963], [120.982883, 14.4966307], [120.9830352, 14.4966235], [120.9831499, 14.4965865], [120.983233, 14.4965528], [120.9833215, 14.4965002], [120.9833911, 14.4964478], [120.9834643, 14.4964008], [120.9835569, 14.4963229], [120.983628, 14.4962489], [120.9836783, 14.4962191], [120.983758, 14.4961963], [120.9838345, 14.4961834], [120.9839109, 14.4961736], [120.9839679, 14.4961684], [120.9840202, 14.496173], [120.9840652, 14.496197], [120.9841376, 14.4962515], [120.9841825, 14.4962768], [120.9842663, 14.4962911], [120.9844364, 14.4963265], [120.9846108, 14.4963525], [120.984683, 14.4963578], [120.9847562, 14.496345], [120.9848289, 14.4963275], [120.9849104, 14.4963275], [120.9849386, 14.4963366], [120.9849573, 14.4963496], [120.9849687, 14.4963651], [120.9849748, 14.496381], [120.9849707, 14.4963989], [120.9849583, 14.4964142], [120.9849335, 14.4964288], [120.9848779, 14.4964365], [120.9848168, 14.4964333], [120.9847384, 14.4964346], [120.9846608, 14.4964216], [120.9846278, 14.4964697], [120.9846123, 14.4965151], [120.984615, 14.4965534], [120.9846782, 14.496636], [120.9847176, 14.4966807], [120.9847387, 14.4967138], [120.9847515, 14.4967423], [120.9847508, 14.4967741], [120.9847394, 14.4968076], [120.9847283, 14.4968254], [120.9847109, 14.4968358], [120.9846898, 14.4968381], [120.984665, 14.4968352], [120.9846355, 14.4968141], [120.984606, 14.4967829], [120.9845775, 14.4967563], [120.9845372, 14.4967313], [120.9844199, 14.4966936], [120.9842764, 14.4966501], [120.9841637, 14.4966209], [120.984045, 14.496604], [120.9839512, 14.496595], [120.9837862, 14.4965683], [120.9836327, 14.4965268], [120.9835589, 14.4965417], [120.9835039, 14.4965807], [120.9834824, 14.4966592], [120.9834999, 14.4967144], [120.9835529, 14.4967728], [120.9836092, 14.4968131], [120.9837272, 14.4969072], [120.9838177, 14.4970228], [120.9838573, 14.4971156], [120.9838821, 14.4972266], [120.9839007, 14.4973389], [120.9839123, 14.4974831], [120.9839404, 14.4975584], [120.9839766, 14.4976032], [120.9840249, 14.4976246], [120.9841215, 14.4976415], [120.9842301, 14.4976473], [120.9843475, 14.4976259], [120.9847149, 14.4974947], [120.9847451, 14.4975129], [120.9847485, 14.4975434], [120.984088, 14.4979297], [120.984098, 14.4979667], [120.9841302, 14.497992], [120.9842179, 14.4979903], [120.9842918, 14.4979907], [120.9843662, 14.4980102], [120.9844152, 14.4980498], [120.9844843, 14.4980992], [120.984548, 14.4981543], [120.9845929, 14.4981939], [120.9846552, 14.4982426], [120.9847384, 14.4983037], [120.9848202, 14.4983738], [120.9848873, 14.4984582], [120.984936, 14.4985534], [120.9849744, 14.4986159], [120.9850341, 14.4986899], [120.9850958, 14.4987458], [120.9851649, 14.4987906], [120.9852668, 14.4988522], [120.9853305, 14.4989042], [120.9853815, 14.4989918], [120.9854061, 14.4990502], [120.9854076, 14.4991067], [120.9853982, 14.499206], [120.9854069, 14.4993015], [120.9854244, 14.4993917], [120.9854653, 14.4994735], [120.9855236, 14.4995378], [120.9855987, 14.4996261], [120.9856296, 14.4997066], [120.9856571, 14.4998578], [120.9857073, 14.4999513], [120.985769, 14.5000143], [120.9858368, 14.5000578], [120.9859434, 14.5000863], [120.9860111, 14.5001026], [120.9860701, 14.5001058], [120.9861472, 14.500098], [120.9862049, 14.5000786], [120.9862927, 14.5000123], [120.9863377, 14.4999961], [120.9863806, 14.4999922], [120.986447, 14.5000078], [120.9864973, 14.5000344], [120.9865496, 14.500124], [120.9867456, 14.500363], [120.9868231, 14.5004408], [120.9868909, 14.5004862], [120.9869653, 14.5005194], [120.9870256, 14.500533], [120.9871148, 14.5005408], [120.9871812, 14.5005544], [120.987255, 14.5005908], [120.9873294, 14.5006388], [120.9873911, 14.5006894], [120.9874246, 14.5007453], [120.9874434, 14.500794], [120.9874474, 14.5008465], [120.9874501, 14.5009115], [120.9874528, 14.5009621], [120.9874642, 14.5010231], [120.987483, 14.501064], [120.9875333, 14.5011341], [120.98755, 14.5011867], [120.9875426, 14.5012484], [120.9875105, 14.5013101], [120.9874689, 14.5013653], [120.9874132, 14.501436], [120.987359, 14.5015321], [120.9873657, 14.5015594], [120.9874019, 14.5015944], [120.9874435, 14.5016139], [120.9875233, 14.5015948], [120.9875843, 14.5015892], [120.9876432, 14.5015983], [120.987721, 14.5016489], [120.987833, 14.5017483], [120.9879266, 14.5018024], [120.9879616, 14.5018148], [120.9880048, 14.5018442], [120.9880315, 14.5018847], [120.9880663, 14.5019476], [120.9880751, 14.5020054], [120.9880617, 14.502067], [120.9880301, 14.5021293], [120.9879497, 14.502215], [120.9878343, 14.5022968], [120.9877586, 14.5023358], [120.9875728, 14.5024053], [120.9875721, 14.5024065], [120.987419, 14.5024538], [120.98697, 14.5024942], [120.9867534, 14.5025578], [120.9865408, 14.5026299], [120.9863048, 14.5026902], [120.9860118, 14.5027552], [120.9858401, 14.5027928], [120.9856389, 14.5028636], [120.9854552, 14.5029071], [120.9853479, 14.5029421], [120.9852594, 14.5029707], [120.9851501, 14.5030272], [120.9850804, 14.5030824], [120.9850111, 14.5031462], [120.9849235, 14.5032317], [120.9847933, 14.5033345], [120.9847297, 14.5033686], [120.9846834, 14.5033745], [120.9846331, 14.5033602], [120.9845822, 14.5033342], [120.9845211, 14.5032726], [120.9843247, 14.5030421], [120.9841295, 14.5028707], [120.9839304, 14.5027227], [120.9836669, 14.5025916], [120.9835006, 14.5025202], [120.9833524, 14.5024429], [120.9831245, 14.5022858], [120.982879, 14.5021527], [120.9826416, 14.5020638], [120.9825658, 14.5020469], [120.9824498, 14.5020424], [120.982362, 14.502069], [120.9822863, 14.5021183], [120.9822065, 14.5021364], [120.9821139, 14.5021378], [120.9819013, 14.5021352], [120.981794, 14.5021352], [120.9817075, 14.5021144], [120.9816197, 14.5020488], [120.9815767, 14.5019982], [120.9815734, 14.5019281], [120.9816076, 14.5018327], [120.9817243, 14.5016295], [120.9817792, 14.5014672], [120.9818503, 14.5012101], [120.9819174, 14.5005999], [120.9819965, 14.4999779], [120.9820005, 14.4996183], [120.9819764, 14.4992417], [120.9818986, 14.4986951], [120.9818155, 14.4982731], [120.9817256, 14.4978758], [120.9816545, 14.4975175], [120.9816129, 14.4971812], [120.9815781, 14.4968384], [120.9814587, 14.4959425], [120.9813568, 14.4951284], [120.9813099, 14.4947947], [120.9812495, 14.4944337], [120.9811932, 14.494178], [120.9811114, 14.4938572], [120.9810242, 14.4935482], [120.9809196, 14.4933145], [120.9804998, 14.4931327], [120.9802061, 14.4930353], [120.9797917, 14.4929328], [120.9794464, 14.4929815], [120.9793928, 14.4929756], [120.9793451, 14.4929516], [120.9791158, 14.4928133], [120.9790414, 14.4928055], [120.9789723, 14.4928101], [120.978855, 14.4928997], [120.9787993, 14.4929016], [120.9787001, 14.4928925], [120.9784265, 14.4928289], [120.977882, 14.4927354], [120.9773979, 14.4926991], [120.9771511, 14.4926796], [120.9757477, 14.4926358], [120.9757474, 14.4927135], [120.9755438, 14.4927146], [120.9755431, 14.4923595], [120.9757221, 14.4923608], [120.9758449, 14.492427], [120.97618, 14.49244], [120.9764839, 14.4924439], [120.9765556, 14.4924355], [120.9766026, 14.4923881], [120.9766576, 14.4923004], [120.9766864, 14.4921842], [120.9767099, 14.491981], [120.9767327, 14.4916265], [120.9767126, 14.4912747], [120.9766482, 14.4909825], [120.9765637, 14.4907566], [120.9764095, 14.4904631], [120.9762418, 14.4901775], [120.9760635, 14.4899256], [120.9774117, 14.489327], [120.9774965, 14.489431], [120.977546, 14.4895133], [120.9775885, 14.4896195], [120.9775885, 14.4896914], [120.9775283, 14.4897497], [120.9773993, 14.4897958], [120.9772034, 14.4898656], [120.9764913, 14.4901198], [120.9772949, 14.4913047], [120.9775655, 14.4916054], [120.9777149, 14.4917501], [120.9778737, 14.4918586], [120.9781025, 14.4919671], [120.978322, 14.492062], [120.9790524, 14.4923015], [120.9803628, 14.4927312], [120.9804712, 14.4927638], [120.9805942, 14.4927778], [120.9807054, 14.4927519], [120.9811254, 14.4925633], [120.9821073, 14.4919731], [120.9826742, 14.4916088], [120.9826238, 14.4915582], [120.9825796, 14.4915425], [120.9825276, 14.4915447], [120.9823498, 14.4916064], [120.9822198, 14.4916285], [120.9821554, 14.4916155], [120.9820947, 14.491572], [120.9820716, 14.4915246], [120.9820763, 14.491411], [120.9820652, 14.4913544], [120.9819878, 14.4912227], [120.9819891, 14.4911753], [120.9820133, 14.4911377], [120.9821293, 14.4910371], [120.9822044, 14.4909721], [120.9822734, 14.490889], [120.9822795, 14.4908475], [120.9822745, 14.4908093], [120.9822071, 14.4907479], [120.9821166, 14.4906852], [120.982043, 14.4905973], [120.9819362, 14.4903009], [120.9818322, 14.4901489], [120.9817732, 14.4900503], [120.9817403, 14.4899632], [120.9817477, 14.4898529], [120.9818134, 14.4896412], [120.9818363, 14.4895218], [120.9818315, 14.4893952], [120.9818048, 14.4893258], [120.9817747, 14.4892795], [120.9817583, 14.4892301], [120.9817457, 14.4891728], [120.98173, 14.4891439], [120.9817062, 14.4891167], [120.9816163, 14.4890556], [120.9815741, 14.489003], [120.981566, 14.4889543], [120.9815687, 14.4889188], [120.98157, 14.4889018], [120.9815902, 14.4888453], [120.9816699, 14.488683], [120.9816968, 14.488594], [120.9817025, 14.4885111], [120.9816847, 14.4884363], [120.9816531, 14.4883572], [120.9816166, 14.4882777], [120.9815593, 14.4881831], [120.9815358, 14.4881117], [120.9815029, 14.4879742], [120.9814529, 14.4878399], [120.981375, 14.4876452], [120.9812535, 14.4873504], [120.983008, 14.4863141], [120.9834639, 14.4860814], [120.9840442, 14.4858464], [120.9850665, 14.4853353], [120.9860535, 14.4846966], [120.9863996, 14.484426], [120.9867702, 14.484114], [120.9872732, 14.4841933], [120.9877365, 14.4838939], [120.9878345, 14.483948], [120.9880287, 14.4839931], [120.9881756, 14.4840442], [120.9882336, 14.4840507], [120.9882929, 14.4840442], [120.98837, 14.4840267], [120.9883535, 14.4839675], [120.988352, 14.483926], [120.9883645, 14.4838901], [120.9883956, 14.4838111], [120.9884261, 14.4837595], [120.9884631, 14.4837123], [120.9884968, 14.4836696], [120.9885378, 14.4836253], [120.988584, 14.4835735], [120.9886322, 14.4835067], [120.9886776, 14.4834368], [120.9887165, 14.4833727], [120.9887738, 14.4832719], [120.9888298, 14.4831812], [120.9888998, 14.4830791], [120.9889679, 14.4829799], [120.9890138, 14.4829048], [120.9890588, 14.4828249], [120.989105, 14.4826619], [120.9892589, 14.4824795], [120.9894004, 14.4823672], [120.9894437, 14.4823388], [120.9894973, 14.4823453], [120.9895334, 14.4823775], [120.9895831, 14.482488], [120.9896086, 14.4825957], [120.989615, 14.48268], [120.9896383, 14.4829939], [120.9896565, 14.483035], [120.9896777, 14.4830614], [120.9899056, 14.4832044], [120.9900286, 14.4832769], [120.9900638, 14.4832883], [120.9900991, 14.4832714], [120.9906393, 14.4828364], [120.9906764, 14.4828236], [120.9907596, 14.482851], [120.9910489, 14.4829749], [120.9911455, 14.4830048], [120.9912329, 14.4830029], [120.9913341, 14.4829851], [120.9916913, 14.482913], [120.991822, 14.4828951], [120.9918764, 14.4829126], [120.9919184, 14.4829411], [120.9920079, 14.483106], [120.9920707, 14.4832086], [120.9921242, 14.4832452], [120.9921894, 14.483245], [120.9923336, 14.4832136], [120.9924488, 14.4831734], [120.992559, 14.483104], [120.9926212, 14.4830574], [120.992674, 14.4830028], [120.9927116, 14.482938], [120.9927175, 14.4828801], [120.9927081, 14.4828176], [120.9926541, 14.4826846], [120.9925919, 14.4825244], [120.992566, 14.4824085], [120.9925367, 14.4822834], [120.9925179, 14.4821403], [120.9924991, 14.4819334], [120.9924897, 14.4817743], [120.9924768, 14.4815891], [120.9924416, 14.4813947], [120.9923853, 14.481139], [120.9923184, 14.4808481], [120.9922585, 14.4805731], [120.9922104, 14.4804503], [120.9921828, 14.4804202], [120.9921288, 14.4804009], [120.9920754, 14.4803833], [120.9919451, 14.4803407], [120.9918788, 14.4803208], [120.9917832, 14.4802759], [120.9916417, 14.4801918], [120.9915854, 14.4801606], [120.9915337, 14.4800946], [120.9914827, 14.4800139], [120.9914686, 14.4799759], [120.9914698, 14.4799174], [120.9914821, 14.4797906], [120.9914821, 14.4797219], [120.9914692, 14.4796628], [120.9914381, 14.4796145], [120.9913941, 14.4795554], [120.9912626, 14.4794167], [120.9911781, 14.4793287], [120.9911147, 14.4792559], [120.9910496, 14.4791707], [120.9909592, 14.4790684], [120.990843, 14.4789616], [120.9906716, 14.4788263], [120.9902573, 14.478482], [120.9902414, 14.478453], [120.9902356, 14.4784104], [120.9902426, 14.4783701], [120.9902567, 14.4783331], [120.9902978, 14.4782825], [120.9906587, 14.4777387], [120.9908709, 14.4774318], [120.9905191, 14.4771819], [120.9911493, 14.4762237], [120.9911708, 14.4762136], [120.9911963, 14.4761937], [120.991252, 14.4761397], [120.9913346, 14.4760875], [120.9913964, 14.4760465], [120.9914487, 14.4760028], [120.9915179, 14.4759352], [120.991583, 14.4758591], [120.9916294, 14.4758175], [120.9916779, 14.475778], [120.9917063, 14.475763], [120.9917548, 14.4757495], [120.9918323, 14.4757408], [120.9919136, 14.4758694], [120.9919662, 14.4759813], [120.9920282, 14.4760761], [120.9921761, 14.4761209], [120.9924019, 14.4761417], [120.9926817, 14.4761412], [120.9928345, 14.4762546], [120.9930078, 14.4762966], [120.9930995, 14.4762823], [120.9932193, 14.4761641], [120.9932689, 14.476077], [120.9932537, 14.4760341], [120.993182, 14.4759662], [120.9930991, 14.4757902], [120.9931129, 14.4757435], [120.9932561, 14.4757545], [120.9933975, 14.4757465], [120.9934622, 14.4757054], [120.9935025, 14.4756406], [120.993526, 14.4755002], [120.9936055, 14.4754726], [120.9937775, 14.4755256], [120.9938431, 14.475532], [120.9939169, 14.4755109], [120.9940604, 14.4754411], [120.9942278, 14.4753661], [120.9943949, 14.4752412], [120.9944977, 14.4751509], [120.9945696, 14.4750457], [120.9946268, 14.4750073], [120.9946922, 14.4749847], [120.9947909, 14.4749952], [120.994849, 14.4749985], [120.9950658, 14.4750533], [120.9953233, 14.4750761], [120.9954938, 14.4749259], [120.9955837, 14.4747101], [120.9956492, 14.4745547], [120.9957438, 14.4744361], [120.9959523, 14.4744224], [120.9960872, 14.4744694], [120.9962577, 14.474527], [120.9964133, 14.4745442], [120.9965753, 14.4744522], [120.9967395, 14.474378], [120.9969025, 14.4741951], [120.9968585, 14.4740948], [120.9968757, 14.4740117], [120.9971267, 14.4738162], [120.9971515, 14.4737406], [120.9972042, 14.4736131], [120.9971979, 14.4733318], [120.9972294, 14.4731051], [120.9972651, 14.4729642], [120.9972938, 14.4728504], [120.9973328, 14.4726965], [120.9975751, 14.472359], [120.9978774, 14.4720453], [120.9983021, 14.4716578], [120.9987813, 14.4712676], [120.9989283, 14.471149], [120.9995134, 14.4716726], [121.0004395, 14.4723284], [121.0007018, 14.4719749], [121.0008328, 14.4717931], [121.0010305, 14.4719326], [121.0018369, 14.4724248], [121.0016599, 14.4728412], [121.0023885, 14.4732935], [121.002394, 14.4734897], [121.0024456, 14.473566], [121.0024271, 14.4737069], [121.0024212, 14.4738842], [121.0023504, 14.4739899], [121.0022943, 14.4741214], [121.0023186, 14.4741653], [121.002547, 14.4743898], [121.0027275, 14.4745236], [121.0028945, 14.4747538], [121.0029208, 14.4748512], [121.002842, 14.4749679], [121.0026971, 14.4750681], [121.002564, 14.4751252], [121.0023967, 14.4751678], [121.0022432, 14.4751987], [121.002063, 14.4752177], [121.0020183, 14.4752204], [121.0018326, 14.4752679], [121.0015985, 14.4755003], [121.0014201, 14.4757893], [121.0013105, 14.4759314], [121.0011748, 14.4760514], [121.0010234, 14.4761092], [121.0008577, 14.4762001], [121.0007067, 14.4762823], [121.0006463, 14.4763151], [121.0005321, 14.4764024], [121.0004403, 14.4765407], [121.0004174, 14.4767432], [121.000327, 14.4770374], [121.0006272, 14.4771664], [121.0015338, 14.4776909], [121.0016223, 14.477817], [121.0019245, 14.4780324], [121.0020212, 14.4783283], [121.0020348, 14.4788714], [121.0018994, 14.4792122], [121.0016944, 14.4794781], [121.0015241, 14.4796298], [121.0014023, 14.4796392], [121.0012166, 14.4795175], [121.0010735, 14.4794107], [121.0010038, 14.4794107], [121.0009362, 14.4794744], [121.0008452, 14.4796692], [121.0007659, 14.4797853], [121.0004023, 14.4799632], [121.0001915, 14.4800437], [121.0000167, 14.4800213], [120.9998016, 14.4799376], [120.9997625, 14.4800861], [120.9996989, 14.4802716], [120.9995114, 14.4805489], [120.9992512, 14.4809889], [120.9990443, 14.4813302], [120.9988344, 14.4816844], [120.9987529, 14.4817859], [120.9986655, 14.4819143], [120.9984003, 14.4821908], [120.9980448, 14.4824645], [120.9979079, 14.4825674], [120.9977855, 14.4826874], [120.9976048, 14.4828312], [120.9975451, 14.4829102], [120.9975174, 14.4830062], [120.9975174, 14.4830739], [120.9975378, 14.4831444], [120.9976281, 14.4832813], [120.9977694, 14.4833603], [120.9979588, 14.4834364], [120.9981337, 14.4834562], [120.9982517, 14.4834576], [120.9983973, 14.4835014], [120.9985344, 14.4835958], [120.9985766, 14.483641], [120.9986422, 14.4837679], [120.9986655, 14.4838625], [120.9986597, 14.4839443], [120.9986422, 14.4840332], [120.998613, 14.4840995], [120.9985722, 14.4841559], [120.9984877, 14.4842222], [120.9982459, 14.4843435], [120.9980681, 14.4843943], [120.9978773, 14.4844634], [120.9977314, 14.4844875], [120.9976048, 14.4844846], [120.9972682, 14.4845481], [120.9970133, 14.4845424], [120.9968515, 14.484517], [120.9967248, 14.4845057], [120.9965689, 14.4844648], [120.9961813, 14.4844352], [120.9959147, 14.4844394], [120.9957981, 14.484462], [120.995718, 14.4844916], [120.9956526, 14.4845349], [120.9956204, 14.4845932], [120.9956165, 14.4846758], [120.9956335, 14.4847568], [120.9957034, 14.484917], [120.9957253, 14.4849854], [120.9958357, 14.4850946], [120.9959802, 14.4851754], [120.9962502, 14.4852962], [120.9963556, 14.4853686], [120.996496, 14.4854416], [120.9967725, 14.4855291], [120.9969513, 14.4855556], [120.9970984, 14.4856119], [120.9972406, 14.4855827], [120.9973623, 14.4856101], [120.9975575, 14.4856109], [120.9979044, 14.4855701], [120.9981009, 14.485565], [120.9983387, 14.4856144], [120.9985017, 14.4856797], [120.9986329, 14.485774], [120.9987057, 14.4858403], [120.9987726, 14.4859191], [120.9988133, 14.4860079], [120.998809, 14.4862207], [120.9987546, 14.4863828], [120.9986974, 14.4865531], [120.9979553, 14.4887065], [120.9979327, 14.4891082], [120.9979919, 14.4892612], [120.9982318, 14.4895098], [120.9984859, 14.4896492], [120.9987116, 14.4897421], [120.9989318, 14.4899061], [120.9990236, 14.4900433], [120.9990785, 14.490182], [120.9990805, 14.4902872], [120.9990646, 14.4903818], [120.9990167, 14.4904842], [120.9989289, 14.4905808], [120.9985417, 14.4908591], [120.998394, 14.49106], [120.9983441, 14.4912107], [120.9982643, 14.4913576], [120.9981166, 14.4915199], [120.9980148, 14.4915837], [120.9978971, 14.4916146], [120.9977554, 14.4915895], [120.9976277, 14.4915566], [120.9974501, 14.4915547], [120.9972285, 14.4915914], [120.9970669, 14.4917054], [120.9969472, 14.4918001], [120.9968873, 14.4919469], [120.9968853, 14.4920648], [120.9969107, 14.4921779], [120.9969455, 14.4923352], [120.9969591, 14.4925807], [120.9969272, 14.4927932], [120.9968244, 14.4929412], [120.9966851, 14.4930372], [120.9964919, 14.4930574], [120.9962301, 14.4929837], [120.9961104, 14.4929532], [120.995841, 14.4929058], [120.995623, 14.4929072], [120.9953423, 14.492992], [120.9949634, 14.493313], [120.994712, 14.4936041], [120.9945084, 14.4939699], [120.9944727, 14.4943201], [120.9943293, 14.4948915], [120.9941415, 14.4953243], [120.9940466, 14.4956564], [120.9939201, 14.4959344], [120.9937234, 14.4963598], [120.9935184, 14.4963797], [120.9932024, 14.4964105], [120.9926448, 14.4964528], [120.992646, 14.4965801], [120.992624, 14.4969182], [120.9926078, 14.4971655], [120.9925955, 14.4972514], [120.9925656, 14.4974593], [120.9925166, 14.4978001], [120.9925104, 14.4978436], [120.9925088, 14.4980684], [120.9925228, 14.4981719], [120.992559, 14.4982736], [120.9926315, 14.4984069], [120.9927304, 14.4985229], [120.9926718, 14.4987729], [120.9917176, 14.4992376], [120.9898035, 14.5001683], [120.9887146, 14.5004527], [120.9886862, 14.5004596]]]}}, {"type": "Feature", "properties": {"canonical_name": "San Isidro", "osm_name": "San Isidro", "osm_id": 1772565}, "geometry": {"type": "Polygon", "coordinates": [[[121.0031401, 14.4774912], [121.0030948, 14.4773649], [121.0025312, 14.4766375], [121.0035422, 14.4757226], [121.002842, 14.4749679], [121.0029208, 14.4748512], [121.0028945, 14.4747538], [121.0027275, 14.4745236], [121.002547, 14.4743898], [121.0023186, 14.4741653], [121.0022943, 14.4741214], [121.0023504, 14.4739899], [121.0024212, 14.4738842], [121.0024271, 14.4737069], [121.0024456, 14.473566], [121.002394, 14.4734897], [121.0023885, 14.4732935], [121.0016599, 14.4728412], [121.0018369, 14.4724248], [121.0010305, 14.4719326], [121.0008328, 14.4717931], [121.0007018, 14.4719749], [121.0004395, 14.4723284], [120.9995134, 14.4716726], [120.9989283, 14.471149], [120.9992087, 14.4706375], [120.9994429, 14.4702579], [120.999707, 14.4699099], [121.0000283, 14.4696225], [121.0002406, 14.4694406], [121.0005129, 14.4692086], [121.0007117, 14.4689925], [121.0007545, 14.4688502], [121.0009061, 14.4686339], [121.0009966, 14.4685138], [121.0012154, 14.4682016], [121.0013107, 14.4681146], [121.00145, 14.4677848], [121.0015524, 14.4676925], [121.0016536, 14.4676797], [121.0018635, 14.467679], [121.0021626, 14.4673044], [121.0022251, 14.4671769], [121.002207, 14.4670937], [121.002105, 14.4667536], [121.0019682, 14.4665095], [121.0018974, 14.4664043], [121.0019495, 14.4663387], [121.0018658, 14.4661304], [121.001875, 14.4660705], [121.0019156, 14.4659646], [121.0019231, 14.46591], [121.0018335, 14.4656318], [121.0018636, 14.4653032], [121.0020443, 14.4652673], [121.0020313, 14.465033], [121.0020834, 14.46501], [121.0020922, 14.4644413], [121.0020849, 14.4635266], [121.0020431, 14.4633651], [121.00204, 14.4629842], [121.002035, 14.461675], [121.0021429, 14.460951], [121.0022264, 14.4609447], [121.0022545, 14.4609425], [121.004549, 14.4607682], [121.0045209, 14.4616883], [121.004437, 14.4619292], [121.0043204, 14.4623611], [121.0055985, 14.4623365], [121.005553, 14.4626124], [121.0054354, 14.4629359], [121.0057072, 14.4629734], [121.0057515, 14.4630508], [121.0068539, 14.4631355], [121.0067875, 14.4638838], [121.0074834, 14.4640138], [121.0073178, 14.4643687], [121.0069408, 14.4648807], [121.0062036, 14.4657772], [121.0076452, 14.4667237], [121.0082862, 14.46594], [121.0099639, 14.4672149], [121.0101992, 14.4672515], [121.0102645, 14.4670293], [121.0103711, 14.4667732], [121.0105588, 14.4665416], [121.0106583, 14.4664618], [121.0109416, 14.4664969], [121.0111046, 14.466441], [121.011111, 14.4663249], [121.0109908, 14.4662086], [121.0109994, 14.4660756], [121.0111539, 14.4658097], [121.0112826, 14.465685], [121.0116429, 14.4655978], [121.0118062, 14.4654274], [121.0117719, 14.4651614], [121.011686, 14.4648788], [121.0116341, 14.4647719], [121.0116029, 14.4645716], [121.0115915, 14.4642759], [121.0116775, 14.4640727], [121.0118377, 14.4638406], [121.0118538, 14.4636193], [121.011829, 14.4633107], [121.0117785, 14.4630097], [121.0117261, 14.4627656], [121.0116505, 14.4625695], [121.0114784, 14.4623359], [121.0114731, 14.4621687], [121.0115303, 14.4620085], [121.0115337, 14.4619094], [121.0115142, 14.4618241], [121.0114793, 14.4617605], [121.0114096, 14.4616841], [121.0111917, 14.4615498], [121.0109171, 14.4615859], [121.0108063, 14.4615132], [121.0108184, 14.461332], [121.0108313, 14.4610764], [121.0110561, 14.460909], [121.0111934, 14.4606098], [121.0111248, 14.4603605], [121.0110111, 14.4603238], [121.0108775, 14.460311], [121.0106543, 14.4602777], [121.0104703, 14.4601519], [121.0106303, 14.4600501], [121.0106313, 14.4599088], [121.0105241, 14.4598713], [121.0104055, 14.4598676], [121.010223, 14.4599226], [121.0099101, 14.4598539], [121.0096757, 14.4597031], [121.0095575, 14.4594509], [121.0095578, 14.4593695], [121.0095584, 14.4591804], [121.0096855, 14.4588983], [121.0099093, 14.4587535], [121.0100123, 14.458579], [121.0102441, 14.4581385], [121.0101926, 14.4579141], [121.010287, 14.4577728], [121.010422, 14.4576685], [121.010392, 14.4576327], [121.0082439, 14.4574514], [121.007841, 14.4574309], [121.0078207, 14.4565709], [121.0079116, 14.4565584], [121.0079936, 14.4565469], [121.0080293, 14.4565394], [121.0080759, 14.4565362], [121.0105905, 14.4561261], [121.0108954, 14.4560756], [121.0109574, 14.4560737], [121.010963, 14.4562528], [121.0109221, 14.456576], [121.0109136, 14.4568835], [121.0109767, 14.4570743], [121.011038, 14.4570671], [121.0112438, 14.4570687], [121.0114351, 14.4569881], [121.0116295, 14.4567495], [121.012425, 14.4570095], [121.0138698, 14.4574408], [121.0142462, 14.4565129], [121.0146317, 14.4556532], [121.0153543, 14.4556786], [121.0155023, 14.4552285], [121.015726, 14.4552935], [121.0157681, 14.4553057], [121.0164094, 14.4554987], [121.0163557, 14.4556751], [121.0169496, 14.4560922], [121.0172548, 14.456296], [121.0170402, 14.4564622], [121.0171003, 14.4566367], [121.0173063, 14.4566534], [121.0173506, 14.4572021], [121.0172461, 14.4572244], [121.0171461, 14.4572317], [121.0170673, 14.457218], [121.0169739, 14.4571764], [121.0169101, 14.4571523], [121.0168623, 14.4571516], [121.0168156, 14.4571796], [121.0167844, 14.4572326], [121.0167121, 14.4573776], [121.0167626, 14.4574244], [121.0170602, 14.4577075], [121.017335, 14.4579894], [121.0175469, 14.4582716], [121.0178532, 14.4587369], [121.0180209, 14.4590079], [121.0181805, 14.459159], [121.01822, 14.4591888], [121.0184239, 14.4591198], [121.018638, 14.4591237], [121.0188842, 14.4591475], [121.0190729, 14.459176], [121.019279, 14.4592307], [121.0194421, 14.4593636], [121.0195762, 14.4596631], [121.0197644, 14.4597295], [121.0198716, 14.4597938], [121.0199794, 14.4599957], [121.0200081, 14.4603706], [121.0200481, 14.4607129], [121.0201148, 14.461015], [121.0202374, 14.4622705], [121.020363, 14.462743], [121.0193211, 14.4628101], [121.0201565, 14.4646172], [121.0197858, 14.4648007], [121.0186494, 14.4653159], [121.0173832, 14.4658978], [121.0177258, 14.4663717], [121.0176735, 14.4664703], [121.0178779, 14.4668852], [121.0176354, 14.4669822], [121.0175607, 14.4670152], [121.0176971, 14.4672409], [121.0176442, 14.4672736], [121.0173793, 14.4674343], [121.0174725, 14.4676283], [121.0171866, 14.4680912], [121.0173155, 14.4682502], [121.0174041, 14.468394], [121.017378, 14.4686566], [121.0173628, 14.4687807], [121.0173593, 14.4689923], [121.0173147, 14.4691815], [121.0172354, 14.4694167], [121.0169887, 14.470175], [121.0167527, 14.4708399], [121.0166506, 14.471061], [121.0165917, 14.4712866], [121.0163933, 14.4714645], [121.0162973, 14.4715004], [121.0160479, 14.4716125], [121.0159479, 14.4717817], [121.0157992, 14.471782], [121.0157521, 14.4718167], [121.01571, 14.4718865], [121.0156758, 14.4721008], [121.0154706, 14.4721787], [121.0153874, 14.4722761], [121.0153901, 14.4726046], [121.0153793, 14.4727306], [121.0153297, 14.4727916], [121.0152117, 14.4728085], [121.014922, 14.4726958], [121.0147815, 14.4726555], [121.0146119, 14.4726597], [121.0144503, 14.4727857], [121.0142876, 14.4729523], [121.0141588, 14.4730025], [121.013884, 14.4729526], [121.0137391, 14.4729867], [121.0136829, 14.4730203], [121.0136453, 14.4732151], [121.0135635, 14.4732436], [121.0135247, 14.4732294], [121.0133155, 14.4730502], [121.0132315, 14.473082], [121.0132172, 14.4731339], [121.0132255, 14.4732321], [121.0132339, 14.4733829], [121.0131622, 14.4734969], [121.0130877, 14.4735173], [121.0129484, 14.4734302], [121.0128275, 14.4733218], [121.0127712, 14.4732347], [121.0126781, 14.4730559], [121.0126085, 14.4730285], [121.0124439, 14.4731492], [121.0123189, 14.4731997], [121.0120666, 14.4732198], [121.011863, 14.4732235], [121.0117264, 14.4731959], [121.0115275, 14.4730033], [121.0114218, 14.4729072], [121.0113142, 14.4728744], [121.0112286, 14.4728824], [121.0109233, 14.4731059], [121.0108363, 14.4731186], [121.0106661, 14.4729675], [121.0105136, 14.4728455], [121.0103129, 14.4727099], [121.0099328, 14.4725326], [121.00963, 14.4723648], [121.0095643, 14.4723589], [121.0094956, 14.4723724], [121.0094506, 14.4724342], [121.0094302, 14.4725942], [121.0094102, 14.4726917], [121.0093488, 14.4727542], [121.0092389, 14.4728219], [121.0091635, 14.4728422], [121.0089119, 14.4728208], [121.0087513, 14.4728536], [121.0087008, 14.4729424], [121.0086952, 14.4731205], [121.008664, 14.4732426], [121.0085749, 14.4735803], [121.0085351, 14.4736919], [121.0084597, 14.4737426], [121.0083056, 14.4737667], [121.0082078, 14.4739528], [121.0081391, 14.4741199], [121.0080574, 14.4741442], [121.0078919, 14.4741853], [121.0078291, 14.4742815], [121.0078294, 14.4743834], [121.0079405, 14.4744741], [121.007977, 14.4745852], [121.0079673, 14.4746696], [121.0078395, 14.4747305], [121.0075828, 14.4748318], [121.0074903, 14.4750063], [121.0074026, 14.4751894], [121.0073736, 14.4753328], [121.0073716, 14.475433], [121.0073259, 14.4756153], [121.0072852, 14.4757356], [121.0072443, 14.4757838], [121.0070797, 14.4757601], [121.0067422, 14.4754417], [121.0066085, 14.4754319], [121.0065263, 14.4754441], [121.0066238, 14.475772], [121.0065564, 14.475974], [121.0062673, 14.4761038], [121.0060243, 14.476185], [121.0056388, 14.4761931], [121.0053311, 14.4763389], [121.0052566, 14.4763687], [121.0050941, 14.4764081], [121.0045703, 14.4766475], [121.004453, 14.4767651], [121.0043692, 14.4771952], [121.0042645, 14.4772398], [121.0039921, 14.4770694], [121.0036276, 14.4768868], [121.0034642, 14.4769639], [121.003305, 14.4773209], [121.0032602, 14.4774332], [121.0031401, 14.4774912]]]}}, {"type": "Feature", "properties": {"canonical_name": "Marcelo Green Village", "osm_name": "Marcelo Green Village", "osm_id": 3676842}, "geometry": {"type": "Polygon", "coordinates": [[[121.0376786, 14.4822024], [121.0376772, 14.4822751], [121.0380248, 14.4835139], [121.0384747, 14.4845729], [121.0392386, 14.4842578], [121.0397111, 14.4840526], [121.0400148, 14.4839199], [121.040364, 14.4845669], [121.0420108, 14.4838725], [121.0421388, 14.4841843], [121.0418674, 14.4843572], [121.0420151, 14.4844982], [121.0421323, 14.4845976], [121.0427628, 14.4846673], [121.0433169, 14.4848418], [121.0433685, 14.4848656], [121.0441029, 14.4852081], [121.0441723, 14.4854265], [121.0447435, 14.4856189], [121.0451428, 14.4856752], [121.0451508, 14.4848409], [121.0451609, 14.4840234], [121.0451706, 14.4822777], [121.0451761, 14.4804698], [121.0451881, 14.4775179], [121.0452114, 14.4723482], [121.0452187, 14.4703135], [121.0452566, 14.4645123], [121.0452629, 14.4629484], [121.045277, 14.4612731], [121.0452872, 14.4590908], [121.0450225, 14.4591327], [121.0444292, 14.4592558], [121.0435768, 14.4593834], [121.0434052, 14.4593418], [121.0432442, 14.4585315], [121.0426863, 14.4586457], [121.0426265, 14.4586752], [121.0424865, 14.4587081], [121.0425469, 14.458947], [121.0416858, 14.4592042], [121.0416705, 14.4592088], [121.0402057, 14.4595373], [121.0393912, 14.4596133], [121.0387667, 14.4596706], [121.0376974, 14.4597885], [121.0377403, 14.4607547], [121.0377818, 14.4610274], [121.0374583, 14.4610688], [121.0374676, 14.4612026], [121.0368996, 14.4612258], [121.036613, 14.4612386], [121.0363037, 14.4613429], [121.0363679, 14.461861], [121.0364652, 14.4623786], [121.0365254, 14.4630968], [121.0363514, 14.4630685], [121.0362604, 14.4631194], [121.0361123, 14.4632222], [121.036047, 14.4632364], [121.0358915, 14.4632364], [121.0356251, 14.4631357], [121.0354965, 14.4630779], [121.0353295, 14.4630805], [121.0350674, 14.4631747], [121.0349044, 14.4631875], [121.0347997, 14.4631672], [121.0345486, 14.4630546], [121.0344022, 14.4629488], [121.0342812, 14.4628182], [121.0341997, 14.4627463], [121.0339827, 14.4627695], [121.0338139, 14.4628475], [121.033707, 14.4629015], [121.0335814, 14.4630546], [121.0335186, 14.4631627], [121.0334814, 14.4632325], [121.0334649, 14.463257], [121.0334175, 14.463262], [121.0333891, 14.4632177], [121.0332881, 14.4631661], [121.0332164, 14.4632235], [121.0331931, 14.463282], [121.0331513, 14.4633721], [121.0330211, 14.4635004], [121.0329518, 14.4635527], [121.0332004, 14.4636386], [121.0332884, 14.4637912], [121.0333065, 14.4639046], [121.0333593, 14.4640227], [121.033473, 14.4642813], [121.0336396, 14.4646389], [121.0337302, 14.4648161], [121.0338133, 14.4649504], [121.0339429, 14.4650683], [121.0340491, 14.4652542], [121.0339086, 14.4653856], [121.0339541, 14.4655994], [121.0332468, 14.4656699], [121.0325517, 14.4656915], [121.032645, 14.4669156], [121.0333667, 14.4668946], [121.0333919, 14.4670507], [121.0333695, 14.467094], [121.0332245, 14.4671915], [121.0330912, 14.4672743], [121.0330013, 14.4674343], [121.0324863, 14.4674289], [121.0323865, 14.4673867], [121.0323485, 14.4673771], [121.0322612, 14.4673627], [121.0321267, 14.4673573], [121.0320484, 14.4673392], [121.0319847, 14.4673177], [121.0319301, 14.4672925], [121.031816, 14.4672849], [121.0318031, 14.4673217], [121.0321236, 14.4687456], [121.0321243, 14.468817], [121.0321309, 14.4692713], [121.032113, 14.4708881], [121.0325991, 14.4708921], [121.0328349, 14.4707907], [121.0331319, 14.470585], [121.0331489, 14.4707964], [121.0331769, 14.4710561], [121.0331881, 14.4711642], [121.03323, 14.4714693], [121.0332487, 14.4715237], [121.0338393, 14.4714925], [121.0345162, 14.4714964], [121.0345328, 14.4716198], [121.0346024, 14.4720573], [121.0345443, 14.4721223], [121.034094, 14.472501], [121.0339274, 14.4728162], [121.0337977, 14.4728083], [121.0338231, 14.4729739], [121.0338463, 14.4731426], [121.0338436, 14.4731429], [121.0338824, 14.4734319], [121.0338395, 14.4734825], [121.0336638, 14.473663], [121.0339147, 14.4736899], [121.0340037, 14.473724], [121.0339469, 14.4741398], [121.0339057, 14.4742119], [121.0337087, 14.4741162], [121.0334385, 14.4747369], [121.0334077, 14.4749939], [121.0336544, 14.4755861], [121.0336498, 14.4756039], [121.0336297, 14.4757844], [121.0337517, 14.4758416], [121.0335404, 14.4761973], [121.0339421, 14.4765762], [121.0336958, 14.4767585], [121.03381, 14.4768281], [121.0343476, 14.4771095], [121.0347024, 14.4772998], [121.0348726, 14.47752], [121.0351275, 14.4775629], [121.0353141, 14.4775134], [121.0355513, 14.4775096], [121.0358195, 14.4776135], [121.0362309, 14.4775798], [121.0363408, 14.4775708], [121.036596, 14.4775331], [121.0366358, 14.4777419], [121.0366789, 14.4779401], [121.0366715, 14.4779985], [121.0366049, 14.4782036], [121.0364244, 14.478995], [121.0362624, 14.4791337], [121.0363166, 14.4796637], [121.0362847, 14.479966], [121.0371055, 14.479544], [121.0372438, 14.4794728], [121.0380599, 14.4790532], [121.0386802, 14.4804201], [121.0391151, 14.4800599], [121.0393078, 14.4798866], [121.0396851, 14.4795584], [121.0398463, 14.4797305], [121.0397974, 14.4797819], [121.039714, 14.4800224], [121.0394525, 14.4801745], [121.0393514, 14.4803282], [121.0393468, 14.4805832], [121.039113, 14.4807209], [121.0388115, 14.48072], [121.0386688, 14.48085], [121.0385313, 14.4809924], [121.0384671, 14.4810849], [121.0384031, 14.481189], [121.0383286, 14.4813273], [121.0383148, 14.4816193], [121.0382855, 14.4818214], [121.0382439, 14.4818714], [121.0381132, 14.4820095], [121.0379954, 14.482109], [121.0378056, 14.4821732], [121.0376786, 14.4822024]]]}}, {"type": "Feature", "properties": {"canonical_name": "San Antonio", "osm_name": "San Antonio", "osm_id": 6116611}, "geometry": {"type": "Polygon", "coordinates": [[[121.0335404, 14.4761973], [121.03278, 14.4768574], [121.0325936, 14.477473], [121.0325468, 14.4776926], [121.0323604, 14.4775576], [121.0321967, 14.4779029], [121.0317822, 14.4779975], [121.0309333, 14.4781988], [121.0307483, 14.4774017], [121.0305176, 14.4765717], [121.0305404, 14.4760212], [121.0305753, 14.4751514], [121.0288613, 14.4754874], [121.0276918, 14.4756744], [121.0273688, 14.4756409], [121.0269958, 14.4753718], [121.0267031, 14.4754816], [121.0254146, 14.4759648], [121.0253372, 14.4759938], [121.0251666, 14.4760548], [121.0242358, 14.473798], [121.0236647, 14.4726116], [121.0236489, 14.4725664], [121.0235393, 14.4725575], [121.0234518, 14.4725543], [121.0234237, 14.4725663], [121.0233982, 14.4726015], [121.0233778, 14.4727183], [121.0232639, 14.4728785], [121.023219, 14.4729095], [121.0231302, 14.4729426], [121.023019, 14.4729326], [121.0228531, 14.4729631], [121.0227566, 14.4730462], [121.0225814, 14.4731462], [121.0224715, 14.4730884], [121.0224278, 14.4729321], [121.0223738, 14.4727297], [121.0222849, 14.4726358], [121.0222171, 14.4726085], [121.0220527, 14.4727514], [121.0219883, 14.4730318], [121.0218703, 14.4732604], [121.0217308, 14.4735513], [121.0216879, 14.4737486], [121.0216178, 14.4738366], [121.0214878, 14.4739366], [121.0214028, 14.473853], [121.0213083, 14.4737616], [121.0211675, 14.4736214], [121.0211019, 14.4736461], [121.0209369, 14.4737902], [121.0208511, 14.4738629], [121.0207488, 14.4738546], [121.0206765, 14.4738026], [121.0205292, 14.4735596], [121.0204455, 14.4734855], [121.0201745, 14.473624], [121.0201043, 14.4735589], [121.0200356, 14.4734238], [121.0200858, 14.4731538], [121.0200772, 14.4730755], [121.02002, 14.4730041], [121.0198533, 14.4727984], [121.0198319, 14.4726703], [121.0198647, 14.4724349], [121.0198698, 14.4723012], [121.0198318, 14.4720969], [121.0197353, 14.4720307], [121.0196508, 14.4719878], [121.0195529, 14.4719618], [121.0193893, 14.47198], [121.0192739, 14.471993], [121.0192095, 14.4719826], [121.0190299, 14.4717983], [121.0187804, 14.4716917], [121.018716, 14.4715671], [121.0185121, 14.4714684], [121.0183458, 14.471519], [121.018142, 14.4715658], [121.0178497, 14.4715619], [121.0177437, 14.4716086], [121.0176365, 14.4718359], [121.0175881, 14.4718891], [121.0173816, 14.471897], [121.0172086, 14.471719], [121.0170932, 14.4717242], [121.0169042, 14.4717307], [121.0166829, 14.4718268], [121.0165125, 14.4718775], [121.0163248, 14.4720203], [121.0161424, 14.4720671], [121.0160231, 14.4720761], [121.0159211, 14.4720631], [121.0157749, 14.4720553], [121.0156758, 14.4721008], [121.01571, 14.4718865], [121.0157521, 14.4718167], [121.0157992, 14.471782], [121.0159479, 14.4717817], [121.0160479, 14.4716125], [121.0162973, 14.4715004], [121.0163933, 14.4714645], [121.0165917, 14.4712866], [121.0166506, 14.471061], [121.0167527, 14.4708399], [121.0169887, 14.470175], [121.0172354, 14.4694167], [121.0173147, 14.4691815], [121.0173593, 14.4689923], [121.0173628, 14.4687807], [121.017378, 14.4686566], [121.0174041, 14.468394], [121.0173155, 14.4682502], [121.0171866, 14.4680912], [121.0174725, 14.4676283], [121.0173793, 14.4674343], [121.0176442, 14.4672736], [121.0176971, 14.4672409], [121.0175607, 14.4670152], [121.0176354, 14.4669822], [121.0178779, 14.4668852], [121.0176735, 14.4664703], [121.0177258, 14.4663717], [121.0173832, 14.4658978], [121.0186494, 14.4653159], [121.0197858, 14.4648007], [121.0201565, 14.4646172], [121.0231297, 14.463148], [121.0252675, 14.4620712], [121.029599, 14.4598993], [121.0321898, 14.458437], [121.0342394, 14.4572902], [121.0352105, 14.456733], [121.0356131, 14.4565397], [121.0359598, 14.4564038], [121.0364201, 14.4562431], [121.0367305, 14.4561599], [121.0413164, 14.4549733], [121.0443592, 14.4540309], [121.0452853, 14.4537345], [121.04531, 14.4564533], [121.0453074, 14.457302], [121.0452933, 14.4577034], [121.0452872, 14.4590908], [121.0450225, 14.4591327], [121.0444292, 14.4592558], [121.0435768, 14.4593834], [121.0434052, 14.4593418], [121.0432442, 14.4585315], [121.0426863, 14.4586457], [121.0426265, 14.4586752], [121.0424865, 14.4587081], [121.0425469, 14.458947], [121.0416858, 14.4592042], [121.0416705, 14.4592088], [121.0402057, 14.4595373], [121.0393912, 14.4596133], [121.0387667, 14.4596706], [121.0376974, 14.4597885], [121.0377403, 14.4607547], [121.0377818, 14.4610274], [121.0374583, 14.4610688], [121.0374676, 14.4612026], [121.0368996, 14.4612258], [121.036613, 14.4612386], [121.0363037, 14.4613429], [121.0363679, 14.461861], [121.0364652, 14.4623786], [121.0365254, 14.4630968], [121.0363514, 14.4630685], [121.0362604, 14.4631194], [121.0361123, 14.4632222], [121.036047, 14.4632364], [121.0358915, 14.4632364], [121.0356251, 14.4631357], [121.0354965, 14.4630779], [121.0353295, 14.4630805], [121.0350674, 14.4631747], [121.0349044, 14.4631875], [121.0347997, 14.4631672], [121.0345486, 14.4630546], [121.0344022, 14.4629488], [121.0342812, 14.4628182], [121.0341997, 14.4627463], [121.0339827, 14.4627695], [121.0338139, 14.4628475], [121.033707, 14.4629015], [121.0335814, 14.4630546], [121.0335186, 14.4631627], [121.0334814, 14.4632325], [121.0334649, 14.463257], [121.0334175, 14.463262], [121.0333891, 14.4632177], [121.0332881, 14.4631661], [121.0332164, 14.4632235], [121.0331931, 14.463282], [121.0331513, 14.4633721], [121.0330211, 14.4635004], [121.0329518, 14.4635527], [121.0332004, 14.4636386], [121.0332884, 14.4637912], [121.0333065, 14.4639046], [121.0333593, 14.4640227], [121.033473, 14.4642813], [121.0336396, 14.4646389], [121.0337302, 14.4648161], [121.0338133, 14.4649504], [121.0339429, 14.4650683], [121.0340491, 14.4652542], [121.0339086, 14.4653856], [121.0339541, 14.4655994], [121.0332468, 14.4656699], [121.0325517, 14.4656915], [121.032645, 14.4669156], [121.0333667, 14.4668946], [121.0333919, 14.4670507], [121.0333695, 14.467094], [121.0332245, 14.4671915], [121.0330912, 14.4672743], [121.0330013, 14.4674343], [121.0324863, 14.4674289], [121.0323865, 14.4673867], [121.0323485, 14.4673771], [121.0322612, 14.4673627], [121.0321267, 14.4673573], [121.0320484, 14.4673392], [121.0319847, 14.4673177], [121.0319301, 14.4672925], [121.031816, 14.4672849], [121.0318031, 14.4673217], [121.0321236, 14.4687456], [121.0321243, 14.468817], [121.0321309, 14.4692713], [121.032113, 14.4708881], [121.0325991, 14.4708921], [121.0328349, 14.4707907], [121.0331319, 14.470585], [121.0331489, 14.4707964], [121.0331769, 14.4710561], [121.0331881, 14.4711642], [121.03323, 14.4714693], [121.0332487, 14.4715237], [121.0338393, 14.4714925], [121.0345162, 14.4714964], [121.0345328, 14.4716198], [121.0346024, 14.4720573], [121.0345443, 14.4721223], [121.034094, 14.472501], [121.0339274, 14.4728162], [121.0337977, 14.4728083], [121.0338231, 14.4729739], [121.0338463, 14.4731426], [121.0338436, 14.4731429], [121.0338824, 14.4734319], [121.0338395, 14.4734825], [121.0336638, 14.473663], [121.0339147, 14.4736899], [121.0340037, 14.473724], [121.0339469, 14.4741398], [121.0339057, 14.4742119], [121.0337087, 14.4741162], [121.0334385, 14.4747369], [121.0334077, 14.4749939], [121.0336544, 14.4755861], [121.0336498, 14.4756039], [121.0336297, 14.4757844], [121.0337517, 14.4758416], [121.0335404, 14.4761973]]]}}, {"type": "Feature", "properties": {"canonical_name": "B.F. Homes", "osm_name": "BF Homes", "osm_id": 6282328}, "geometry": {"type": "Polygon", "coordinates": [[[121.0201565, 14.4646172], [121.0231297, 14.463148], [121.0252675, 14.4620712], [121.029599, 14.4598993], [121.0321898, 14.458437], [121.0342394, 14.4572902], [121.0352105, 14.456733], [121.0356131, 14.4565397], [121.0359598, 14.4564038], [121.0364201, 14.4562431], [121.0367305, 14.4561599], [121.0413164, 14.4549733], [121.0443592, 14.4540309], [121.0452853, 14.4537345], [121.0453136, 14.4521313], [121.0450539, 14.4521395], [121.0436842, 14.4521908], [121.0437409, 14.4527588], [121.0432014, 14.4528149], [121.0426386, 14.452709], [121.0424853, 14.4527139], [121.0419577, 14.452982], [121.0418928, 14.4530177], [121.0411602, 14.4533146], [121.0410127, 14.4531614], [121.0409288, 14.4530812], [121.0406933, 14.4528344], [121.0403044, 14.4516206], [121.0401043, 14.4508982], [121.0395031, 14.4502029], [121.0373047, 14.4477669], [121.0386093, 14.4466365], [121.0410384, 14.4443259], [121.0412907, 14.4438701], [121.0411352, 14.4438077], [121.0410332, 14.4437766], [121.0409635, 14.4436883], [121.0409421, 14.4436207], [121.0408777, 14.4435635], [121.0408187, 14.4434961], [121.0408133, 14.4433921], [121.0407972, 14.4432727], [121.0407382, 14.4432051], [121.0405558, 14.4429766], [121.0405236, 14.442935], [121.0404646, 14.442935], [121.0403627, 14.4429921], [121.0402876, 14.4430233], [121.0402125, 14.4430285], [121.0401696, 14.4429973], [121.0401749, 14.4429142], [121.0402018, 14.4428103], [121.0402071, 14.4426544], [121.0401749, 14.4425506], [121.0401159, 14.4423844], [121.0399416, 14.4421376], [121.0399094, 14.4421142], [121.0395942, 14.4420414], [121.039263, 14.4422895], [121.0389974, 14.4422311], [121.0388714, 14.4421714], [121.0388204, 14.4421142], [121.0387829, 14.4420233], [121.0387185, 14.4417531], [121.0386702, 14.4416727], [121.0385924, 14.4416103], [121.0384514, 14.4415187], [121.0381964, 14.4413613], [121.0380822, 14.441323], [121.0379822, 14.4412181], [121.0378669, 14.4412168], [121.0378025, 14.4411856], [121.0377905, 14.4410986], [121.0378762, 14.4408934], [121.037018, 14.4404012], [121.036723, 14.4402155], [121.0364494, 14.4401492], [121.0363608, 14.4401635], [121.0362749, 14.4402389], [121.0361203, 14.4404276], [121.0359743, 14.4406437], [121.0358027, 14.4406687], [121.0356911, 14.44081], [121.0354851, 14.4408515], [121.0351332, 14.4411508], [121.0349787, 14.4413752], [121.0345581, 14.4414334], [121.0342491, 14.4419404], [121.0338457, 14.4420983], [121.0336054, 14.442356], [121.0334338, 14.4424723], [121.0331834, 14.4425212], [121.0324401, 14.4422221], [121.0285407, 14.4405346], [121.0282879, 14.4403541], [121.0278369, 14.4400359], [121.0274507, 14.4396203], [121.0272421, 14.4393922], [121.027052, 14.4392278], [121.0267032, 14.4389113], [121.0256507, 14.437913], [121.0251201, 14.437511], [121.0247227, 14.4373121], [121.0242974, 14.4371715], [121.0243483, 14.4353794], [121.0242042, 14.434397], [121.022992, 14.4343921], [121.0228261, 14.4343612], [121.0223323, 14.4342393], [121.0221623, 14.4346477], [121.0219156, 14.4350296], [121.0216589, 14.4348927], [121.0213511, 14.4352662], [121.0210725, 14.4355556], [121.0197507, 14.4364616], [121.0179037, 14.4371534], [121.0177199, 14.4372763], [121.0175311, 14.4374176], [121.0172822, 14.4375174], [121.016999, 14.4375839], [121.0167415, 14.4376005], [121.0165526, 14.4375506], [121.0163638, 14.4374924], [121.0162007, 14.4375174], [121.0160291, 14.4376587], [121.015969, 14.4378498], [121.0161063, 14.4380161], [121.0161664, 14.4382239], [121.016072, 14.4383735], [121.0159089, 14.438548], [121.0156857, 14.4386893], [121.0155227, 14.4388057], [121.0154197, 14.4390052], [121.0154025, 14.4392047], [121.0155393, 14.4395447], [121.0156401, 14.4397682], [121.0156506, 14.4398845], [121.0156774, 14.4400122], [121.0157297, 14.4403174], [121.0157732, 14.4405372], [121.0161493, 14.4411539], [121.0163875, 14.4414489], [121.0164743, 14.4416421], [121.0164941, 14.4420012], [121.0164118, 14.4422671], [121.0161179, 14.4431292], [121.0159355, 14.4435985], [121.0158966, 14.4439588], [121.0159261, 14.4441835], [121.0159451, 14.4443575], [121.0160634, 14.4445908], [121.016175, 14.4448401], [121.0163166, 14.4450983], [121.0164706, 14.4453216], [121.0165848, 14.4455243], [121.0166851, 14.4456427], [121.0167672, 14.4456962], [121.0168616, 14.4458126], [121.0168015, 14.4460453], [121.0166385, 14.4462614], [121.0165441, 14.4464775], [121.0162265, 14.4469097], [121.0160548, 14.447076], [121.0158746, 14.4471009], [121.015557, 14.4471591], [121.0153167, 14.447209], [121.0149905, 14.4473586], [121.0147244, 14.4475165], [121.0144927, 14.4476661], [121.0143468, 14.4478573], [121.0140979, 14.4480235], [121.0137975, 14.4481648], [121.013638, 14.4482829], [121.0131709, 14.4485804], [121.0130593, 14.4488214], [121.0130336, 14.4491289], [121.0130507, 14.4493783], [121.0130164, 14.4496443], [121.0127589, 14.4499518], [121.0124481, 14.4503713], [121.0124564, 14.4506409], [121.0123727, 14.4509907], [121.0120723, 14.4514063], [121.0119092, 14.4516058], [121.0117461, 14.4516972], [121.0115745, 14.4516972], [121.0114028, 14.4517637], [121.0112311, 14.4519382], [121.0111625, 14.4521793], [121.0111367, 14.4524951], [121.0111281, 14.4527278], [121.0110938, 14.4529439], [121.0099129, 14.4531513], [121.0092095, 14.4533155], [121.0076056, 14.4537749], [121.0071044, 14.453933], [121.0067988, 14.4540409], [121.0051439, 14.4545931], [121.0044551, 14.4549708], [121.0042384, 14.4552684], [121.0035977, 14.4547505], [121.0024312, 14.4538555], [121.0022271, 14.4538856], [121.0019723, 14.4538752], [121.0019696, 14.4541064], [121.0015851, 14.4541177], [121.0019183, 14.4550017], [121.0021268, 14.4556526], [121.0023847, 14.4555722], [121.0025954, 14.455576], [121.0026044, 14.4560143], [121.0022699, 14.4566712], [121.0021901, 14.4569474], [121.0016685, 14.4572105], [121.00208, 14.4578996], [121.0023652, 14.457753], [121.0023987, 14.4578335], [121.0025672, 14.4578032], [121.0025838, 14.458188], [121.0025798, 14.4583763], [121.0025319, 14.4585458], [121.0022316, 14.4593571], [121.0022191, 14.4599239], [121.0023807, 14.4605973], [121.0021429, 14.460951], [121.0022264, 14.4609447], [121.0022545, 14.4609425], [121.004549, 14.4607682], [121.0045209, 14.4616883], [121.004437, 14.4619292], [121.0043204, 14.4623611], [121.0055985, 14.4623365], [121.005553, 14.4626124], [121.0054354, 14.4629359], [121.0057072, 14.4629734], [121.0057515, 14.4630508], [121.0068539, 14.4631355], [121.0067875, 14.4638838], [121.0074834, 14.4640138], [121.0073178, 14.4643687], [121.0069408, 14.4648807], [121.0062036, 14.4657772], [121.0076452, 14.4667237], [121.0082862, 14.46594], [121.0099639, 14.4672149], [121.0101992, 14.4672515], [121.0102645, 14.4670293], [121.0103711, 14.4667732], [121.0105588, 14.4665416], [121.0106583, 14.4664618], [121.0109416, 14.4664969], [121.0111046, 14.466441], [121.011111, 14.4663249], [121.0109908, 14.4662086], [121.0109994, 14.4660756], [121.0111539, 14.4658097], [121.0112826, 14.465685], [121.0116429, 14.4655978], [121.0118062, 14.4654274], [121.0117719, 14.4651614], [121.011686, 14.4648788], [121.0116341, 14.4647719], [121.0116029, 14.4645716], [121.0115915, 14.4642759], [121.0116775, 14.4640727], [121.0118377, 14.4638406], [121.0118538, 14.4636193], [121.011829, 14.4633107], [121.0117785, 14.4630097], [121.0117261, 14.4627656], [121.0116505, 14.4625695], [121.0114784, 14.4623359], [121.0114731, 14.4621687], [121.0115303, 14.4620085], [121.0115337, 14.4619094], [121.0115142, 14.4618241], [121.0114793, 14.4617605], [121.0114096, 14.4616841], [121.0111917, 14.4615498], [121.0109171, 14.4615859], [121.0108063, 14.4615132], [121.0108184, 14.461332], [121.0108313, 14.4610764], [121.0110561, 14.460909], [121.0111934, 14.4606098], [121.0111248, 14.4603605], [121.0110111, 14.4603238], [121.0108775, 14.460311], [121.0106543, 14.4602777], [121.0104703, 14.4601519], [121.0106303, 14.4600501], [121.0106313, 14.4599088], [121.0105241, 14.4598713], [121.0104055, 14.4598676], [121.010223, 14.4599226], [121.0099101, 14.4598539], [121.0096757, 14.4597031], [121.0095575, 14.4594509], [121.0095578, 14.4593695], [121.0095584, 14.4591804], [121.0096855, 14.4588983], [121.0099093, 14.4587535], [121.0100123, 14.458579], [121.0102441, 14.4581385], [121.0101926, 14.4579141], [121.010287, 14.4577728], [121.010422, 14.4576685], [121.010392, 14.4576327], [121.0082439, 14.4574514], [121.007841, 14.4574309], [121.0078207, 14.4565709], [121.0079116, 14.4565584], [121.0079936, 14.4565469], [121.0080293, 14.4565394], [121.0080759, 14.4565362], [121.0105905, 14.4561261], [121.0108954, 14.4560756], [121.0109574, 14.4560737], [121.010963, 14.4562528], [121.0109221, 14.456576], [121.0109136, 14.4568835], [121.0109767, 14.4570743], [121.011038, 14.4570671], [121.0112438, 14.4570687], [121.0114351, 14.4569881], [121.0116295, 14.4567495], [121.012425, 14.4570095], [121.0138698, 14.4574408], [121.0142462, 14.4565129], [121.0146317, 14.4556532], [121.0153543, 14.4556786], [121.0155023, 14.4552285], [121.015726, 14.4552935], [121.0157681, 14.4553057], [121.0164094, 14.4554987], [121.0163557, 14.4556751], [121.0169496, 14.4560922], [121.0172548, 14.456296], [121.0170402, 14.4564622], [121.0171003, 14.4566367], [121.0173063, 14.4566534], [121.0173506, 14.4572021], [121.0172461, 14.4572244], [121.0171461, 14.4572317], [121.0170673, 14.457218], [121.0169739, 14.4571764], [121.0169101, 14.4571523], [121.0168623, 14.4571516], [121.0168156, 14.4571796], [121.0167844, 14.4572326], [121.0167121, 14.4573776], [121.0167626, 14.4574244], [121.0170602, 14.4577075], [121.017335, 14.4579894], [121.0175469, 14.4582716], [121.0178532, 14.4587369], [121.0180209, 14.4590079], [121.0181805, 14.459159], [121.01822, 14.4591888], [121.0184239, 14.4591198], [121.018638, 14.4591237], [121.0188842, 14.4591475], [121.0190729, 14.459176], [121.019279, 14.4592307], [121.0194421, 14.4593636], [121.0195762, 14.4596631], [121.0197644, 14.4597295], [121.0198716, 14.4597938], [121.0199794, 14.4599957], [121.0200081, 14.4603706], [121.0200481, 14.4607129], [121.0201148, 14.461015], [121.0202374, 14.4622705], [121.020363, 14.462743], [121.0193211, 14.4628101], [121.0201565, 14.4646172]]]}}]}